first,second,games,max_steps,first_wins,second_wins,draws,first_avg_pcs,second_avg_pcs,seconds
ANTIIMP,GABOR1,500,600000,201,239,60,1,2,23.8
GABOR1,ANTIIMP,500,600000,247,196,57,2,1,23.8
ANTIIMP,CREEPER,500,600000,0,499,1,0,1,28.1
CREEPER,ANTIIMP,500,600000,500,0,0,1,0,28.1
ANTIIMP,IMP,500,600000,229,0,271,1,1,19.1
IMP,ANTIIMP,500,600000,0,252,248,0,1,19.1
ANTIIMP,KILLER01,500,600000,0,499,1,0,2,12.6
KILLER01,ANTIIMP,500,600000,500,0,0,2,0,12.6
ANTIIMP,KILLER02,500,600000,0,500,0,0,8,11.0
KILLER02,ANTIIMP,500,600000,500,0,0,8,0,11.0
ANTIIMP,KILLER03,500,600000,1,499,0,0,1,13.9
KILLER03,ANTIIMP,500,600000,500,0,0,1,0,13.9
ANTIIMP,HARVKILL,500,600000,6,408,86,10,58,84.4
HARVKILL,ANTIIMP,500,600000,450,2,48,58,6,84.4
ANTIIMP,KILLER,500,600000,8,345,147,19,59,131.2
KILLER,ANTIIMP,500,600000,366,0,134,60,17,131.2
ANTIIMP,ARTUR-2,500,600000,3,466,31,1,59,160.1
ARTUR-2,ANTIIMP,500,600000,463,0,37,59,2,160.1
ANTIIMP,MICE,500,600000,4,457,39,5,58,79.7
MICE,ANTIIMP,500,600000,466,2,32,58,4,79.7
ANTIIMP,KILLER2,500,600000,2,428,70,9,61,93.0
KILLER2,ANTIIMP,500,600000,437,1,62,61,7,93.0
ANTIIMP,PRB003,500,600000,5,494,1,0,41,22.4
PRB003,ANTIIMP,500,600000,499,1,0,43,0,22.4
ANTIIMP,PRB004,500,600000,6,491,3,1,50,34.4
PRB004,ANTIIMP,500,600000,492,7,1,48,1,34.4
ANTIIMP,ARTUR-3,500,600000,1,376,123,2,57,238.1
ARTUR-3,ANTIIMP,500,600000,392,0,108,57,3,238.1
ANTIIMP,PRB001,500,600000,0,499,1,0,62,85.9
PRB001,ANTIIMP,500,600000,492,0,8,62,0,85.9
ANTIIMP,MICE2,500,600000,6,437,57,8,61,96.9
MICE2,ANTIIMP,500,600000,423,2,75,61,10,96.9
ANTIIMP,PRB005,500,600000,6,491,3,1,59,36.8
PRB005,ANTIIMP,500,600000,488,9,3,59,1,36.8
ANTIIMP,PRB006,500,600000,6,368,126,16,59,118.6
PRB006,ANTIIMP,500,600000,387,6,107,58,14,118.6
ANTIIMP,PRB007,500,600000,6,428,66,5,58,142.3
PRB007,ANTIIMP,500,600000,439,6,55,57,4,142.3
ANTIIMP,PRB011,500,600000,16,462,22,4,54,62.8
PRB011,ANTIIMP,500,600000,445,16,39,53,5,62.8
ANTIIMP,PRB010,500,600000,0,499,1,0,1,144.2
PRB010,ANTIIMP,500,600000,500,0,0,1,0,144.2
ANTIIMP,ARTUR-1,500,600000,0,61,439,1,60,503.6
ARTUR-1,ANTIIMP,500,600000,86,1,413,58,1,503.6
ANTIIMP,PRB002,500,600000,19,209,272,1,1,346.1
PRB002,ANTIIMP,500,600000,235,19,246,1,1,346.1
ANTIIMP,CHANG,500,600000,0,35,465,1,64,538.0
CHANG,ANTIIMP,500,600000,31,0,469,64,1,538.0
ANTIIMP,CHANG2,500,600000,0,0,500,1,63,570.2
CHANG2,ANTIIMP,500,600000,0,0,500,64,1,570.2
ANTIIMP,VIKTOR04,500,600000,14,413,73,0,2,59.6
VIKTOR04,ANTIIMP,500,600000,389,11,100,2,0,59.6
ANTIIMP,VIKTOR05,500,600000,62,156,282,1,1,47.2
VIKTOR05,ANTIIMP,500,600000,162,45,293,1,1,47.2
ANTIIMP,PRB009,500,600000,6,104,390,1,10,520.6
PRB009,ANTIIMP,500,600000,85,1,414,10,1,520.6
ANTIIMP,VIKTOR02,500,600000,4,270,226,2,53,448.7
VIKTOR02,ANTIIMP,500,600000,253,4,243,54,1,448.7
ANTIIMP,PRB008,500,600000,3,0,497,1,3,731.2
PRB008,ANTIIMP,500,600000,1,5,494,3,1,731.2
ANTIIMP,VIKTOR03,500,600000,1,189,310,1,55,460.8
VIKTOR03,ANTIIMP,500,600000,173,0,327,57,1,460.8
ANTIIMP,Y,500,600000,1,498,1,0,1,367.2
Y,ANTIIMP,500,600000,500,0,0,1,0,367.2
ARTUR-1,ARTUR-2,500,600000,8,208,284,21,52,291.5
ARTUR-2,ARTUR-1,500,600000,225,12,263,51,19,291.5
ARTUR-1,GABOR1,500,600000,46,25,429,9,2,48.4
GABOR1,ARTUR-1,500,600000,21,39,440,2,9,48.4
ANTIIMP,VIKTOR01,500,600000,0,0,500,1,39,625.8
VIKTOR01,ANTIIMP,500,600000,5,21,474,38,1,625.8
ARTUR-1,IMP,500,600000,24,0,476,10,1,19.6
IMP,ARTUR-1,500,600000,0,34,466,1,10,19.6
ARTUR-1,CREEPER,500,600000,344,36,120,13,2,159.7
CREEPER,ARTUR-1,500,600000,28,360,112,1,12,159.7
ARTUR-1,KILLER01,500,600000,0,499,1,0,2,8.7
KILLER01,ARTUR-1,500,600000,500,0,0,2,0,8.7
ARTUR-1,KILLER02,500,600000,0,499,1,0,8,8.2
KILLER02,ARTUR-1,500,600000,500,0,0,8,0,8.2
ARTUR-1,KILLER03,500,600000,2,497,1,0,1,10.8
KILLER03,ARTUR-1,500,600000,498,2,0,1,0,10.8
ARTUR-1,ARTUR-3,500,600000,5,72,423,41,61,307.3
ARTUR-3,ARTUR-1,500,600000,74,3,423,62,42,307.3
ANTIIMP,TORPE,500,600000,1,85,414,1,1,783.0
TORPE,ANTIIMP,500,600000,88,0,412,1,1,783.0
ARTUR-1,CHANG,500,600000,0,1,499,45,63,325.0
CHANG,ARTUR-1,500,600000,1,0,499,64,46,325.0
ARTUR-1,CHANG2,500,600000,0,1,499,55,63,315.0
CHANG2,ARTUR-1,500,600000,0,0,500,63,58,315.0
ARTUR-1,PRB002,500,600000,26,13,461,11,2,41.4
PRB002,ARTUR-1,500,600000,6,29,465,2,11,41.4
ANTIIMP,ROHAMO,500,600000,0,0,500,1,1,924.4
ROHAMO,ANTIIMP,500,600000,0,0,500,1,1,924.4
ARTUR-1,PRB003,500,600000,16,478,6,2,42,22.5
PRB003,ARTUR-1,500,600000,482,14,4,41,1,22.5
ARTUR-1,PRB001,500,600000,3,454,43,2,62,67.4
PRB001,ARTUR-1,500,600000,438,4,58,61,2,67.4
ARTUR-1,HARVKILL,500,600000,31,152,317,40,55,267.2
HARVKILL,ARTUR-1,500,600000,151,31,318,56,39,267.2
ARTUR-1,MICE,500,600000,10,353,137,17,61,168.6
MICE,ARTUR-1,500,600000,323,16,161,60,21,168.6
ARTUR-1,KILLER2,500,600000,12,228,260,32,59,223.9
KILLER2,ARTUR-1,500,600000,216,19,265,59,34,223.9
ARTUR-1,PRB004,500,600000,35,442,23,5,53,84.7
PRB004,ARTUR-1,500,600000,454,34,12,55,5,84.7
ARTUR-1,PRB005,500,600000,45,410,45,10,55,86.4
PRB005,ARTUR-1,500,600000,397,63,40,52,10,86.4
ARTUR-1,KILLER,500,600000,15,51,434,56,60,324.0
KILLER,ARTUR-1,500,600000,53,12,435,60,56,324.0
ARTUR-1,MICE2,500,600000,16,209,275,36,60,232.0
MICE2,ARTUR-1,500,600000,216,16,268,59,34,232.0
ARTUR-1,PRB010,500,600000,0,499,1,0,4,97.7
PRB010,ARTUR-1,500,600000,500,0,0,4,0,97.7
ARTUR-1,PRB011,500,600000,58,339,103,16,49,151.6
PRB011,ARTUR-1,500,600000,320,54,126,50,18,151.6
ARTUR-1,PRB008,500,600000,461,1,38,9,0,201.9
PRB008,ARTUR-1,500,600000,0,466,34,0,10,201.9
ARTUR-1,PRB007,500,600000,33,156,311,29,49,287.2
PRB007,ARTUR-1,500,600000,169,33,298,49,29,287.2
ARTUR-1,PRB006,500,600000,12,55,433,55,60,323.4
PRB006,ARTUR-1,500,600000,53,12,435,61,56,323.4
ARTUR-1,VIKTOR05,500,600000,13,7,480,11,2,40.4
VIKTOR05,ARTUR-1,500,600000,13,15,472,2,11,40.4
ARTUR-1,PRB009,500,600000,5,54,441,7,11,371.6
PRB009,ARTUR-1,500,600000,54,1,445,11,8,371.6
ARTUR-1,VIKTOR01,500,600000,0,3,497,48,56,280.6
VIKTOR01,ARTUR-1,500,600000,1,1,498,58,49,280.6
ARTUR-1,VIKTOR04,500,600000,198,26,276,18,6,230.1
VIKTOR04,ARTUR-1,500,600000,24,191,285,10,20,230.1
ARTUR-1,VIKTOR02,500,600000,35,38,427,50,51,318.0
VIKTOR02,ARTUR-1,500,600000,29,40,431,50,50,318.0
ARTUR-1,VIKTOR03,500,600000,4,132,364,37,56,310.5
VIKTOR03,ARTUR-1,500,600000,111,4,385,58,37,310.5
ARTUR-1,Y,500,600000,1,499,0,0,1,212.2
Y,ARTUR-1,500,600000,500,0,0,1,0,212.2
ARTUR-2,CREEPER,500,600000,470,8,22,45,1,34.6
CREEPER,ARTUR-2,500,600000,3,482,15,1,48,34.6
ARTUR-1,ROHAMO,500,600000,76,0,424,59,1,506.1
ROHAMO,ARTUR-1,500,600000,0,73,427,1,61,506.1
ARTUR-1,TORPE,500,600000,87,3,410,8,1,525.9
TORPE,ARTUR-1,500,600000,0,75,425,1,8,525.9
ARTUR-2,IMP,500,600000,69,3,428,44,9,76.7
IMP,ARTUR-2,500,600000,4,64,432,8,46,76.7
ARTUR-2,GABOR1,500,600000,120,8,372,50,11,117.2
GABOR1,ARTUR-2,500,600000,7,122,371,10,50,117.2
ARTUR-2,KILLER01,500,600000,323,131,46,29,4,68.0
KILLER01,ARTUR-2,500,600000,142,321,37,3,27,68.0
ARTUR-2,ARTUR-3,500,600000,84,24,392,52,40,316.1
ARTUR-3,ARTUR-2,500,600000,17,95,388,39,53,316.1
ARTUR-2,KILLER02,500,600000,319,99,82,29,7,109.7
KILLER02,ARTUR-2,500,600000,107,312,81,8,30,109.7
ARTUR-2,KILLER03,500,600000,174,8,318,43,9,92.2
KILLER03,ARTUR-2,500,600000,10,177,313,9,43,92.2
ARTUR-2,CHANG,500,600000,39,2,459,60,38,322.2
CHANG,ARTUR-2,500,600000,2,33,465,39,60,322.2
ARTUR-2,CHANG2,500,600000,27,0,473,61,40,325.3
CHANG2,ARTUR-2,500,600000,1,32,467,40,61,325.3
ARTUR-2,PRB002,500,600000,127,2,371,55,9,97.9
PRB002,ARTUR-2,500,600000,5,106,389,10,52,97.9
ARTUR-2,HARVKILL,500,600000,32,58,410,50,53,323.1
HARVKILL,ARTUR-2,500,600000,61,28,411,53,51,323.1
ARTUR-2,KILLER,500,600000,16,28,456,57,59,341.4
KILLER,ARTUR-2,500,600000,26,13,461,59,57,341.4
ARTUR-2,PRB003,500,600000,285,96,119,37,16,152.4
PRB003,ARTUR-2,500,600000,99,276,125,17,37,152.4
ARTUR-2,KILLER2,500,600000,24,90,386,48,58,300.4
KILLER2,ARTUR-2,500,600000,96,15,389,57,47,300.4
ARTUR-2,MICE,500,600000,32,122,346,44,55,305.7
MICE,ARTUR-2,500,600000,106,39,355,55,46,305.7
ARTUR-2,PRB001,500,600000,28,2,470,61,37,313.5
PRB001,ARTUR-2,500,600000,3,59,438,34,59,313.5
ARTUR-2,MICE2,500,600000,28,63,409,53,58,327.9
MICE2,ARTUR-2,500,600000,62,22,416,58,52,327.9
ARTUR-2,PRB004,500,600000,74,263,163,22,44,229.5
PRB004,ARTUR-2,500,600000,268,71,161,46,22,229.5
ARTUR-2,PRB005,500,600000,82,185,233,29,43,240.8
PRB005,ARTUR-2,500,600000,158,98,244,43,32,240.8
ARTUR-2,PRB008,500,600000,382,16,102,39,6,147.0
PRB008,ARTUR-2,500,600000,11,379,110,6,38,147.0
ARTUR-2,PRB010,500,600000,116,344,40,15,7,109.3
PRB010,ARTUR-2,500,600000,367,102,31,7,13,109.3
ARTUR-2,PRB006,500,600000,19,27,454,57,59,343.2
PRB006,ARTUR-2,500,600000,33,11,456,59,57,343.2
ARTUR-2,ROHAMO,500,600000,427,2,71,58,3,187.6
ROHAMO,ARTUR-2,500,600000,0,433,67,3,59,187.6
ARTUR-2,PRB007,500,600000,36,85,379,43,49,306.7
PRB007,ARTUR-2,500,600000,71,36,393,50,44,306.7
ARTUR-2,PRB011,500,600000,72,186,242,30,44,263.8
PRB011,ARTUR-2,500,600000,186,54,260,46,29,263.8
ARTUR-2,VIKTOR04,500,600000,467,3,30,56,1,79.9
VIKTOR04,ARTUR-2,500,600000,1,455,44,3,59,79.9
ARTUR-2,VIKTOR05,500,600000,119,6,375,54,9,95.7
VIKTOR05,ARTUR-2,500,600000,5,107,388,11,54,95.7
ARTUR-2,PRB009,500,600000,56,45,399,42,19,348.2
PRB009,ARTUR-2,500,600000,38,54,408,18,42,348.2
ARTUR-2,TORPE,500,600000,260,43,197,20,2,293.3
TORPE,ARTUR-2,500,600000,64,245,191,1,20,293.3
ARTUR-3,CREEPER,500,600000,477,4,19,28,1,30.3
CREEPER,ARTUR-3,500,600000,5,478,17,1,29,30.3
ARTUR-2,VIKTOR01,500,600000,26,5,469,59,36,279.8
VIKTOR01,ARTUR-2,500,600000,4,26,470,37,59,279.8
ARTUR-2,VIKTOR02,500,600000,217,7,276,52,21,283.7
VIKTOR02,ARTUR-2,500,600000,5,234,261,21,52,283.7
ARTUR-3,IMP,500,600000,141,1,358,37,4,44.6
IMP,ARTUR-3,500,600000,1,149,350,4,38,44.6
ARTUR-3,GABOR1,500,600000,199,48,253,37,8,79.9
GABOR1,ARTUR-3,500,600000,53,205,242,9,36,79.9
ARTUR-2,VIKTOR03,500,600000,306,9,185,51,15,242.4
VIKTOR03,ARTUR-2,500,600000,6,266,228,17,52,242.4
ARTUR-3,KILLER02,500,600000,378,82,40,40,4,55.8
KILLER02,ARTUR-3,500,600000,72,397,31,3,41,55.8
ARTUR-3,KILLER03,500,600000,194,32,274,46,4,59.6
KILLER03,ARTUR-3,500,600000,29,192,279,5,45,59.6
ARTUR-3,KILLER01,500,600000,405,66,29,38,2,89.1
KILLER01,ARTUR-3,500,600000,59,420,21,2,39,89.1
ARTUR-2,Y,500,600000,44,442,14,5,1,227.2
Y,ARTUR-2,500,600000,440,39,21,2,5,227.2
ARTUR-3,CHANG,500,600000,41,6,453,61,42,314.1
CHANG,ARTUR-3,500,600000,0,58,442,40,62,314.1
ARTUR-3,CHANG2,500,600000,82,2,416,62,39,300.5
CHANG2,ARTUR-3,500,600000,3,70,427,40,62,300.5
ARTUR-3,HARVKILL,500,600000,29,143,328,41,54,279.5
HARVKILL,ARTUR-3,500,600000,132,29,339,53,41,279.5
ARTUR-3,PRB002,500,600000,160,5,335,46,5,63.9
PRB002,ARTUR-3,500,600000,7,166,327,6,45,63.9
ARTUR-3,KILLER,500,600000,19,34,447,57,59,338.0
KILLER,ARTUR-3,500,600000,29,9,462,61,59,338.0
ARTUR-3,PRB003,500,600000,221,206,73,27,21,112.6
PRB003,ARTUR-3,500,600000,171,234,95,23,31,112.6
ARTUR-3,KILLER2,500,600000,11,158,331,40,60,268.4
KILLER2,ARTUR-3,500,600000,135,22,343,58,42,268.4
ARTUR-3,MICE,500,600000,25,159,316,41,58,271.4
MICE,ARTUR-3,500,600000,182,34,284,55,37,271.4
ARTUR-3,PRB004,500,600000,40,376,84,12,50,146.9
PRB004,ARTUR-3,500,600000,369,56,75,48,12,146.9
ARTUR-3,MICE2,500,600000,29,127,344,46,58,293.9
MICE2,ARTUR-3,500,600000,123,13,364,60,45,293.9
ARTUR-3,PRB001,500,600000,52,4,444,62,35,297.3
PRB001,ARTUR-3,500,600000,8,58,434,35,61,297.3
ARTUR-3,PRB005,500,600000,93,294,113,20,46,162.5
PRB005,ARTUR-3,500,600000,289,83,128,47,22,162.5
ARTUR-3,PRB008,500,600000,261,5,234,41,21,216.5
PRB008,ARTUR-3,500,600000,2,273,225,20,40,216.5
ARTUR-3,PRB011,500,600000,44,307,149,18,50,188.0
PRB011,ARTUR-3,500,600000,293,47,160,50,20,188.0
ARTUR-3,PRB007,500,600000,43,135,322,35,48,283.5
PRB007,ARTUR-3,500,600000,131,40,329,48,36,283.5
ARTUR-3,PRB010,500,600000,98,215,187,12,26,235.1
PRB010,ARTUR-3,500,600000,210,89,201,26,13,235.1
ARTUR-3,PRB006,500,600000,19,53,428,54,59,330.1
PRB006,ARTUR-3,500,600000,42,9,449,59,56,330.1
ARTUR-3,TORPE,500,600000,370,4,126,18,1,252.4
TORPE,ARTUR-3,500,600000,11,340,149,1,19,252.4
ARTUR-3,VIKTOR04,500,600000,462,4,34,44,2,59.7
VIKTOR04,ARTUR-3,500,600000,1,447,52,4,45,59.7
ARTUR-3,VIKTOR05,500,600000,159,3,338,44,4,66.2
VIKTOR05,ARTUR-3,500,600000,5,151,344,6,44,66.2
ARTUR-3,ROHAMO,500,600000,271,3,226,58,3,327.0
ROHAMO,ARTUR-3,500,600000,0,255,245,3,58,327.0
ARTUR-3,PRB009,500,600000,35,27,438,38,15,368.8
PRB009,ARTUR-3,500,600000,30,44,426,13,33,368.8
CHANG,CREEPER,500,600000,313,1,186,59,0,44.1
CREEPER,CHANG,500,600000,0,315,185,0,58,44.1
CHANG,GABOR1,500,600000,2,0,498,45,1,81.7
GABOR1,CHANG,500,600000,0,2,498,1,46,81.7
CHANG,IMP,500,600000,0,0,500,62,1,41.2
IMP,CHANG,500,600000,0,2,498,1,60,41.2
CHANG,KILLER01,500,600000,0,334,166,1,2,24.7
KILLER01,CHANG,500,600000,316,0,184,2,1,24.7
ARTUR-3,VIKTOR01,500,600000,10,4,486,60,45,277.6
VIKTOR01,ARTUR-3,500,600000,4,12,484,44,60,277.6
ARTUR-3,VIKTOR02,500,600000,147,9,344,59,32,296.3
VIKTOR02,ARTUR-3,500,600000,7,157,336,31,59,296.3
CHANG,KILLER02,500,600000,206,61,233,5,5,44.8
KILLER02,CHANG,500,600000,80,213,207,5,5,44.8
CHANG,KILLER03,500,600000,26,41,433,14,1,42.9
KILLER03,CHANG,500,600000,35,26,439,1,14,42.9
ARTUR-3,Y,500,600000,84,407,9,9,2,207.0
Y,ARTUR-3,500,600000,402,81,17,2,9,207.0
ARTUR-3,VIKTOR03,500,600000,165,23,312,55,28,276.7
VIKTOR03,ARTUR-3,500,600000,16,175,309,26,56,276.7
CHANG,PRB002,500,600000,0,1,499,61,2,51.7
PRB002,CHANG,500,600000,0,1,499,2,62,51.7
CHANG,CHANG2,500,600000,0,0,500,64,64,327.2
CHANG2,CHANG,500,600000,0,0,500,64,64,327.2
CHANG,PRB003,500,600000,34,179,287,4,40,62.0
PRB003,CHANG,500,600000,209,45,246,41,3,62.0
CHANG,HARVKILL,500,600000,1,10,489,52,63,301.9
HARVKILL,CHANG,500,600000,18,1,481,63,52,301.9
CHANG,KILLER,500,600000,0,0,500,61,64,268.2
KILLER,CHANG,500,600000,1,0,499,64,60,268.2
CHANG,PRB001,500,600000,1,0,499,35,56,294.8
PRB001,CHANG,500,600000,0,0,500,56,35,294.8
CHANG,PRB005,500,600000,7,47,446,35,61,172.2
PRB005,CHANG,500,600000,57,9,434,60,34,172.2
CHANG,MICE2,500,600000,1,47,452,53,63,323.1
MICE2,CHANG,500,600000,47,0,453,63,53,323.1
CHANG,KILLER2,500,600000,1,24,475,54,63,329.3
KILLER2,CHANG,500,600000,15,6,479,62,56,329.3
CHANG,MICE,500,600000,3,24,473,55,63,331.0
MICE,CHANG,500,600000,17,3,480,63,54,331.0
CHANG,PRB004,500,600000,1,52,447,18,62,245.7
PRB004,CHANG,500,600000,54,1,445,63,18,245.7
CHANG,PRB006,500,600000,0,7,493,59,64,271.1
PRB006,CHANG,500,600000,2,0,498,64,60,271.1
CHANG,PRB010,500,600000,6,441,53,6,9,117.3
PRB010,CHANG,500,600000,432,11,57,9,7,117.3
CHANG,PRB007,500,600000,10,127,363,25,53,265.1
PRB007,CHANG,500,600000,121,10,369,55,27,265.1
CHANG,PRB011,500,600000,1,16,483,35,63,258.5
PRB011,CHANG,500,600000,18,0,482,63,34,258.5
CHANG,PRB009,500,600000,9,79,412,29,18,323.4
PRB009,CHANG,500,600000,74,15,411,19,29,323.4
CHANG,VIKTOR04,500,600000,1,1,498,60,2,59.3
VIKTOR04,CHANG,500,600000,0,1,499,2,59,59.3
CHANG,VIKTOR05,500,600000,4,0,496,62,2,62.3
VIKTOR05,CHANG,500,600000,0,2,498,2,62,62.3
CHANG,PRB008,500,600000,17,15,468,50,11,411.9
PRB008,CHANG,500,600000,17,12,471,9,48,411.9
CHANG2,CREEPER,500,600000,232,0,268,59,1,35.3
CREEPER,CHANG2,500,600000,0,246,254,1,60,35.3
CHANG,VIKTOR03,500,600000,27,33,440,40,38,273.7
VIKTOR03,CHANG,500,600000,47,31,422,38,40,273.7
CHANG2,GABOR1,500,600000,1,0,499,40,1,38.3
GABOR1,CHANG2,500,600000,2,0,498,1,40,38.3
CHANG,VIKTOR01,500,600000,2,0,498,63,54,323.7
VIKTOR01,CHANG,500,600000,0,4,496,54,63,323.7
CHANG2,IMP,500,600000,0,0,500,53,1,16.2
IMP,CHANG2,500,600000,0,0,500,1,53,16.2
CHANG,VIKTOR02,500,600000,34,5,461,58,44,324.8
VIKTOR02,CHANG,500,600000,6,33,461,42,57,324.8
CHANG,TORPE,500,600000,0,0,500,64,1,414.1
TORPE,CHANG,500,600000,0,0,500,1,64,414.1
CHANG2,KILLER01,500,600000,0,147,353,2,2,40.3
KILLER01,CHANG2,500,600000,150,0,350,2,2,40.3
CHANG2,KILLER02,500,600000,192,49,259,5,5,47.4
KILLER02,CHANG2,500,600000,42,222,236,4,5,47.4
CHANG2,KILLER03,500,600000,11,2,487,13,1,48.6
KILLER03,CHANG2,500,600000,2,2,496,1,14,48.6
CHANG,ROHAMO,500,600000,0,0,500,64,1,552.9
ROHAMO,CHANG,500,600000,0,0,500,1,64,552.9
CHANG,Y,500,600000,3,389,108,10,1,265.4
Y,CHANG,500,600000,382,8,110,1,11,265.4
CHANG2,PRB002,500,600000,0,0,500,57,2,25.3
PRB002,CHANG2,500,600000,0,0,500,2,57,25.3
CHANG2,PRB003,500,600000,20,90,390,2,46,68.7
PRB003,CHANG2,500,600000,90,23,387,47,2,68.7
CHANG2,KILLER,500,600000,0,0,500,61,64,273.3
KILLER,CHANG2,500,600000,0,0,500,64,61,273.3
CHANG2,HARVKILL,500,600000,0,8,492,55,63,305.7
HARVKILL,CHANG2,500,600000,6,0,494,63,56,305.7
CHANG2,PRB001,500,600000,0,0,500,41,56,297.0
PRB001,CHANG2,500,600000,0,1,499,56,41,297.0
CHANG2,KILLER2,500,600000,5,12,483,58,62,336.7
KILLER2,CHANG2,500,600000,11,1,488,62,58,336.7
CHANG2,MICE,500,600000,4,8,488,57,63,336.7
MICE,CHANG2,500,600000,10,2,488,63,57,336.7
CHANG2,MICE2,500,600000,0,13,487,60,63,343.4
MICE2,CHANG2,500,600000,13,1,486,63,59,343.4
CHANG2,PRB005,500,600000,5,15,480,35,61,166.7
PRB005,CHANG2,500,600000,10,3,487,62,38,166.7
CHANG2,PRB004,500,600000,1,25,474,19,63,264.4
PRB004,CHANG2,500,600000,25,1,474,63,19,264.4
CHANG2,PRB010,500,600000,0,446,54,3,7,87.9
PRB010,CHANG2,500,600000,461,0,39,8,2,87.9
CHANG2,PRB007,500,600000,7,65,428,27,56,253.1
PRB007,CHANG2,500,600000,63,5,432,56,27,253.1
CHANG2,PRB006,500,600000,0,1,499,61,64,275.5
PRB006,CHANG2,500,600000,0,0,500,64,61,275.5
CHANG2,PRB009,500,600000,17,119,364,16,29,276.0
PRB009,CHANG2,500,600000,144,15,341,28,15,276.0
CHANG2,PRB011,500,600000,0,6,494,35,62,266.0
PRB011,CHANG2,500,600000,7,1,492,63,37,266.0
CHANG2,VIKTOR05,500,600000,0,0,500,58,2,25.4
VIKTOR05,CHANG2,500,600000,0,0,500,2,57,25.4
CHANG2,VIKTOR04,500,600000,3,0,497,60,2,47.8
VIKTOR04,CHANG2,500,600000,1,2,497,2,60,47.8
CREEPER,GABOR1,500,600000,32,447,21,0,4,25.6
GABOR1,CREEPER,500,600000,414,41,45,4,0,25.6
CHANG2,VIKTOR01,500,600000,0,0,500,62,57,283.6
VIKTOR01,CHANG2,500,600000,0,0,500,57,61,283.6
CHANG2,PRB008,500,600000,15,52,433,36,8,388.2
PRB008,CHANG2,500,600000,45,15,440,7,39,388.2
CREEPER,HARVKILL,500,600000,5,451,44,6,40,49.8
HARVKILL,CREEPER,500,600000,447,1,52,39,6,49.8
CREEPER,KILLER01,500,600000,67,416,17,0,2,39.8
KILLER01,CREEPER,500,600000,407,74,19,2,0,39.8
CREEPER,KILLER,500,600000,2,435,63,8,45,60.6
KILLER,CREEPER,500,600000,427,1,72,45,9,60.6
CREEPER,KILLER02,500,600000,12,477,11,0,7,16.9
KILLER02,CREEPER,500,600000,492,7,1,8,0,16.9
CREEPER,KILLER03,500,600000,64,427,9,0,1,21.3
KILLER03,CREEPER,500,600000,401,80,19,1,0,21.3
CHANG2,VIKTOR03,500,600000,2,8,490,42,51,289.5
VIKTOR03,CHANG2,500,600000,15,1,484,50,44,289.5
CREEPER,MICE,500,600000,5,487,8,1,31,18.3
MICE,CREEPER,500,600000,489,7,4,32,1,18.3
CREEPER,KILLER2,500,600000,1,475,24,3,40,32.4
KILLER2,CREEPER,500,600000,467,3,30,40,4,32.4
CREEPER,MICE2,500,600000,3,480,17,2,38,21.9
MICE2,CREEPER,500,600000,482,3,15,37,2,21.9
CHANG2,VIKTOR02,500,600000,1,1,498,62,58,331.9
VIKTOR02,CHANG2,500,600000,2,2,496,57,61,331.9
CREEPER,PRB003,500,600000,2,491,7,0,34,17.4
PRB003,CREEPER,500,600000,482,10,8,34,1,17.4
CREEPER,PRB001,500,600000,6,368,126,0,58,26.6
PRB001,CREEPER,500,600000,398,4,98,58,0,26.6
CREEPER,PRB004,500,600000,0,499,1,0,27,19.5
PRB004,CREEPER,500,600000,491,3,6,26,1,19.5
CHANG2,TORPE,500,600000,0,0,500,64,1,465.2
TORPE,CHANG2,500,600000,0,0,500,1,64,465.2
CREEPER,PRB005,500,600000,3,496,1,0,43,13.2
PRB005,CREEPER,500,600000,489,2,9,43,1,13.2
CREEPER,PRB008,500,600000,388,112,0,1,0,27.6
PRB008,CREEPER,500,600000,135,364,1,0,1,27.6
CREEPER,PRB007,500,600000,4,463,33,3,37,42.8
PRB007,CREEPER,500,600000,460,2,38,36,3,42.8
CREEPER,PRB009,500,600000,44,428,28,1,9,48.0
PRB009,CREEPER,500,600000,414,44,42,9,1,48.0
CREEPER,PRB006,500,600000,3,440,57,7,37,63.3
PRB006,CREEPER,500,600000,414,3,83,39,10,63.3
CREEPER,PRB011,500,600000,3,489,8,1,36,22.7
PRB011,CREEPER,500,600000,485,8,7,35,1,22.7
CREEPER,IMP,500,600000,165,59,276,1,1,198.5
IMP,CREEPER,500,600000,76,155,269,1,1,198.5
CHANG2,Y,500,600000,0,481,19,1,1,269.4
Y,CHANG2,500,600000,480,0,20,1,1,269.4
CREEPER,ROHAMO,500,600000,499,1,0,1,0,30.4
ROHAMO,CREEPER,500,600000,1,499,0,0,1,30.4
CHANG2,ROHAMO,500,600000,0,0,500,64,1,578.2
ROHAMO,CHANG2,500,600000,0,0,500,1,64,578.2
CREEPER,VIKTOR01,500,600000,1,102,397,1,19,39.0
VIKTOR01,CREEPER,500,600000,99,0,401,18,1,39.0
CREEPER,VIKTOR03,500,600000,42,434,24,0,14,47.2
VIKTOR03,CREEPER,500,600000,427,43,30,15,1,47.2
CREEPER,VIKTOR02,500,600000,45,407,48,3,26,69.4
VIKTOR02,CREEPER,500,600000,419,44,37,25,2,69.4
GABOR1,IMP,500,600000,178,0,322,4,1,24.1
IMP,GABOR1,500,600000,0,196,304,1,4,24.1
CREEPER,VIKTOR04,500,600000,133,252,115,0,1,99.3
VIKTOR04,CREEPER,500,600000,376,68,56,1,0,99.3
GABOR1,KILLER01,500,600000,196,152,152,2,1,17.9
KILLER01,GABOR1,500,600000,135,218,147,1,2,17.9
CREEPER,PRB010,500,600000,265,154,81,1,1,181.2
PRB010,CREEPER,500,600000,163,260,77,0,1,181.2
CREEPER,VIKTOR05,500,600000,7,62,431,1,1,126.9
VIKTOR05,CREEPER,500,600000,100,1,399,1,1,126.9
GABOR1,KILLER02,500,600000,162,122,216,2,5,21.0
KILLER02,GABOR1,500,600000,123,185,192,5,2,21.0
CREEPER,PRB002,500,600000,42,124,334,1,1,253.6
PRB002,CREEPER,500,600000,83,30,387,1,1,253.6
GABOR1,KILLER03,500,600000,202,174,124,2,1,23.3
KILLER03,GABOR1,500,600000,159,193,148,1,2,23.3
GABOR1,KILLER,500,600000,0,39,461,24,64,105.6
KILLER,GABOR1,500,600000,44,0,456,64,24,105.6
GABOR1,PRB001,500,600000,1,64,435,1,43,36.9
PRB001,GABOR1,500,600000,44,1,455,41,1,36.9
GABOR1,HARVKILL,500,600000,4,51,445,35,62,159.5
HARVKILL,GABOR1,500,600000,56,4,440,62,34,159.5
GABOR1,PRB003,500,600000,29,351,120,1,28,22.7
PRB003,GABOR1,500,600000,366,21,113,29,1,22.7
CREEPER,TORPE,500,600000,213,162,125,1,1,254.5
TORPE,CREEPER,500,600000,166,216,118,1,1,254.5
GABOR1,PRB002,500,600000,138,17,345,3,1,51.0
PRB002,GABOR1,500,600000,31,125,344,1,3,51.0
GABOR1,PRB004,500,600000,6,132,362,4,57,56.8
PRB004,GABOR1,500,600000,144,8,348,56,4,56.8
GABOR1,PRB005,500,600000,7,58,435,11,62,56.4
PRB005,GABOR1,500,600000,68,5,427,63,6,56.4
CREEPER,Y,500,600000,200,216,84,1,1,276.2
Y,CREEPER,500,600000,259,205,36,1,0,276.2
GABOR1,MICE,500,600000,4,166,330,25,60,156.2
MICE,GABOR1,500,600000,187,5,308,59,23,156.2
GABOR1,PRB008,500,600000,307,141,52,4,3,72.6
PRB008,GABOR1,500,600000,152,297,51,4,4,72.6
GABOR1,PRB010,500,600000,358,75,67,3,0,28.1
PRB010,GABOR1,500,600000,70,379,51,0,3,28.1
GABOR1,MICE2,500,600000,8,179,313,27,62,180.8
MICE2,GABOR1,500,600000,142,3,355,63,30,180.8
GABOR1,PRB006,500,600000,2,30,468,24,63,109.7
PRB006,GABOR1,500,600000,26,1,473,64,25,109.7
GABOR1,PRB007,500,600000,6,230,264,12,58,112.1
PRB007,GABOR1,500,600000,232,5,263,58,13,112.1
GABOR1,PRB009,500,600000,19,367,114,2,15,74.1
PRB009,GABOR1,500,600000,383,12,105,13,1,74.1
GABOR1,KILLER2,500,600000,2,106,392,36,62,221.3
KILLER2,GABOR1,500,600000,105,3,392,62,36,221.3
GABOR1,VIKTOR01,500,600000,10,0,490,1,9,38.0
VIKTOR01,GABOR1,500,600000,0,8,492,9,1,38.0
GABOR1,VIKTOR04,500,600000,278,6,216,4,1,34.3
VIKTOR04,GABOR1,500,600000,14,280,206,1,4,34.3
GABOR1,VIKTOR02,500,600000,22,2,476,2,19,44.3
VIKTOR02,GABOR1,500,600000,3,25,472,19,2,44.3
GABOR1,VIKTOR05,500,600000,131,3,366,3,1,28.9
VIKTOR05,GABOR1,500,600000,4,129,367,1,3,28.9
GABOR1,PRB011,500,600000,2,125,373,21,61,100.4
PRB011,GABOR1,500,600000,128,5,367,61,21,100.4
GABOR1,VIKTOR03,500,600000,28,260,212,1,12,52.7
VIKTOR03,GABOR1,500,600000,281,25,194,12,1,52.7
HARVKILL,IMP,500,600000,35,1,464,62,24,103.1
IMP,HARVKILL,500,600000,0,31,469,21,62,103.1
HARVKILL,KILLER01,500,600000,390,12,98,54,12,100.3
KILLER01,HARVKILL,500,600000,13,395,92,11,52,100.3
HARVKILL,KILLER03,500,600000,297,16,187,53,13,91.1
KILLER03,HARVKILL,500,600000,30,276,194,15,52,91.1
GABOR1,Y,500,600000,243,257,0,2,1,124.2
Y,GABOR1,500,600000,236,264,0,0,2,124.2
HARVKILL,KILLER02,500,600000,314,18,168,55,21,153.5
KILLER02,HARVKILL,500,600000,17,322,161,20,55,153.5
GABOR1,TORPE,500,600000,205,52,243,2,1,271.0
TORPE,GABOR1,500,600000,46,209,245,1,2,271.0
HARVKILL,PRB002,500,600000,50,3,447,62,26,122.8
PRB002,HARVKILL,500,600000,1,56,443,27,62,122.8
GABOR1,ROHAMO,500,600000,242,0,258,2,1,358.1
ROHAMO,GABOR1,500,600000,0,245,255,1,2,358.1
HARVKILL,KILLER,500,600000,20,36,444,56,57,335.8
KILLER,HARVKILL,500,600000,27,25,448,57,57,335.8
HARVKILL,PRB003,500,600000,278,19,203,54,24,182.3
PRB003,HARVKILL,500,600000,27,260,213,27,54,182.3
HARVKILL,PRB001,500,600000,32,3,465,62,49,291.3
PRB001,HARVKILL,500,600000,2,16,482,50,62,291.3
HARVKILL,KILLER2,500,600000,46,46,408,54,54,323.9
KILLER2,HARVKILL,500,600000,49,35,416,56,53,323.9
HARVKILL,MICE,500,600000,52,52,396,52,53,327.1
MICE,HARVKILL,500,600000,58,34,408,55,53,327.1
HARVKILL,MICE2,500,600000,21,50,429,54,57,332.5
MICE2,HARVKILL,500,600000,44,30,426,57,55,332.5
HARVKILL,PRB010,500,600000,405,7,88,56,10,83.2
PRB010,HARVKILL,500,600000,8,410,82,11,55,83.2
HARVKILL,PRB008,500,600000,332,12,156,51,17,148.6
PRB008,HARVKILL,500,600000,10,327,163,19,51,148.6
HARVKILL,PRB005,500,600000,92,87,321,44,43,280.0
PRB005,HARVKILL,500,600000,96,124,280,39,44,280.0
HARVKILL,ROHAMO,500,600000,434,3,63,58,7,88.0
ROHAMO,HARVKILL,500,600000,8,420,72,9,58,88.0
HARVKILL,PRB004,500,600000,62,31,407,54,51,326.1
PRB004,HARVKILL,500,600000,38,52,410,50,51,326.1
HARVKILL,TORPE,500,600000,456,3,41,57,5,99.7
TORPE,HARVKILL,500,600000,4,448,48,5,57,99.7
HARVKILL,PRB006,500,600000,25,19,456,58,58,337.2
PRB006,HARVKILL,500,600000,21,36,443,56,57,337.2
HARVKILL,VIKTOR04,500,600000,440,6,54,45,6,58.7
VIKTOR04,HARVKILL,500,600000,9,432,59,7,45,58.7
HARVKILL,PRB007,500,600000,65,47,388,50,47,311.9
PRB007,HARVKILL,500,600000,51,65,384,47,50,311.9
HARVKILL,PRB009,500,600000,130,28,342,53,33,316.0
PRB009,HARVKILL,500,600000,23,118,359,33,53,316.0
IMP,KILLER,500,600000,0,28,472,3,63,36.7
KILLER,IMP,500,600000,22,0,478,63,3,36.7
HARVKILL,PRB011,500,600000,57,45,398,51,50,320.7
PRB011,HARVKILL,500,600000,63,48,389,52,49,320.7
IMP,KILLER02,500,600000,0,134,366,1,8,25.1
KILLER02,IMP,500,600000,141,0,359,8,1,25.1
IMP,KILLER01,500,600000,0,141,359,1,2,29.6
KILLER01,IMP,500,600000,151,0,349,2,1,29.6
HARVKILL,VIKTOR05,500,600000,46,1,453,62,25,113.3
VIKTOR05,HARVKILL,500,600000,0,52,448,22,62,113.3
IMP,KILLER03,500,600000,0,144,356,1,1,35.1
KILLER03,IMP,500,600000,142,0,358,1,1,35.1
HARVKILL,VIKTOR03,500,600000,285,22,193,55,24,184.4
VIKTOR03,HARVKILL,500,600000,21,274,205,25,56,184.4
IMP,PRB001,500,600000,1,67,432,1,59,26.1
PRB001,IMP,500,600000,48,0,452,60,1,26.1
HARVKILL,VIKTOR01,500,600000,7,1,492,62,57,241.7
VIKTOR01,HARVKILL,500,600000,0,13,487,56,62,241.7
IMP,PRB002,500,600000,0,30,470,1,2,29.5
PRB002,IMP,500,600000,27,2,471,2,1,29.5
IMP,PRB003,500,600000,0,318,182,0,37,19.2
PRB003,IMP,500,600000,305,0,195,37,0,19.2
IMP,PRB004,500,600000,0,79,421,1,58,36.1
PRB004,IMP,500,600000,98,0,402,57,1,36.1
IMP,PRB005,500,600000,1,30,469,2,63,30.7
PRB005,IMP,500,600000,31,0,469,63,1,30.7
HARVKILL,VIKTOR02,500,600000,160,26,314,56,37,262.5
VIKTOR02,HARVKILL,500,600000,20,164,316,38,57,262.5
HARVKILL,Y,500,600000,263,128,109,41,12,160.8
Y,HARVKILL,500,600000,153,241,106,12,39,160.8
IMP,PRB006,500,600000,0,29,471,3,63,37.5
PRB006,IMP,500,600000,31,0,469,63,3,37.5
IMP,PRB007,500,600000,0,225,275,1,57,31.0
PRB007,IMP,500,600000,197,0,303,58,1,31.0
IMP,PRB008,500,600000,0,244,256,5,7,42.5
PRB008,IMP,500,600000,274,0,226,5,4,42.5
IMP,KILLER2,500,600000,0,57,443,23,61,136.1
KILLER2,IMP,500,600000,63,4,433,61,22,136.1
IMP,MICE,500,600000,2,81,417,21,59,134.7
MICE,IMP,500,600000,90,4,406,59,21,134.7
IMP,MICE2,500,600000,1,100,399,22,60,131.5
MICE2,IMP,500,600000,107,1,392,61,17,131.5
IMP,VIKTOR02,500,600000,0,0,500,1,19,16.7
VIKTOR02,IMP,500,600000,0,1,499,19,1,16.7
IMP,VIKTOR01,500,600000,0,0,500,1,10,17.3
VIKTOR01,IMP,500,600000,0,0,500,10,1,17.3
IMP,PRB010,500,600000,1,119,380,1,1,59.0
PRB010,IMP,500,600000,115,0,385,1,1,59.0
IMP,PRB009,500,600000,1,258,241,6,36,66.2
PRB009,IMP,500,600000,265,0,235,36,5,66.2
IMP,VIKTOR03,500,600000,0,239,261,1,12,20.9
VIKTOR03,IMP,500,600000,246,0,254,12,1,20.9
IMP,VIKTOR04,500,600000,1,0,499,1,2,23.5
VIKTOR04,IMP,500,600000,0,0,500,2,1,23.5
IMP,VIKTOR05,500,600000,3,22,475,1,2,33.6
VIKTOR05,IMP,500,600000,19,4,477,2,1,33.6
IMP,PRB011,500,600000,0,63,437,20,61,81.7
PRB011,IMP,500,600000,65,2,433,60,19,81.7
KILLER,KILLER03,500,600000,255,1,244,58,13,88.9
KILLER03,KILLER,500,600000,5,265,230,12,58,88.9
IMP,Y,500,600000,0,229,271,1,1,155.6
Y,IMP,500,600000,206,0,294,1,1,155.6
KILLER,KILLER01,500,600000,256,11,233,58,30,188.1
KILLER01,KILLER,500,600000,4,255,241,30,58,188.1
IMP,TORPE,500,600000,0,98,402,1,1,258.7
TORPE,IMP,500,600000,91,0,409,1,1,258.7
KILLER,KILLER02,500,600000,186,5,309,60,39,224.2
KILLER02,KILLER,500,600000,5,221,274,34,60,224.2
KILLER,PRB002,500,600000,46,0,454,64,8,54.8
PRB002,KILLER,500,600000,0,44,456,8,63,54.8
KILLER,KILLER2,500,600000,13,26,461,59,60,332.1
KILLER2,KILLER,500,600000,26,18,456,60,58,332.1
KILLER,MICE,500,600000,18,24,458,58,59,339.9
MICE,KILLER,500,600000,26,16,458,59,59,339.9
IMP,ROHAMO,500,600000,0,0,500,1,1,414.0
ROHAMO,IMP,500,600000,0,0,500,1,1,414.0
KILLER,PRB001,500,600000,2,0,498,64,62,267.4
PRB001,KILLER,500,600000,0,2,498,61,64,267.4
KILLER,MICE2,500,600000,21,25,454,58,58,335.5
MICE2,KILLER,500,600000,31,21,448,59,57,335.5
KILLER,PRB003,500,600000,120,16,364,59,46,286.6
PRB003,KILLER,500,600000,18,97,385,49,59,286.6
KILLER,PRB005,500,600000,38,36,426,56,56,330.8
PRB005,KILLER,500,600000,32,36,432,57,57,330.8
KILLER,PRB004,500,600000,15,16,469,59,60,347.7
PRB004,KILLER,500,600000,17,11,472,60,59,347.7
KILLER,PRB010,500,600000,201,112,187,46,23,163.9
PRB010,KILLER,500,600000,103,217,180,23,48,163.9
KILLER,PRB008,500,600000,144,12,344,57,44,258.5
PRB008,KILLER,500,600000,10,157,333,41,57,258.5
KILLER,PRB007,500,600000,56,41,403,55,53,321.5
PRB007,KILLER,500,600000,41,51,408,54,54,321.5
KILLER,PRB006,500,600000,13,12,475,60,61,347.3
PRB006,KILLER,500,600000,15,13,472,61,60,347.3
KILLER,ROHAMO,500,600000,352,4,144,60,18,141.7
ROHAMO,KILLER,500,600000,2,331,167,21,60,141.7
KILLER,PRB009,500,600000,93,25,382,57,45,318.6
PRB009,KILLER,500,600000,24,76,400,48,57,318.6
KILLER,TORPE,500,600000,403,6,91,51,4,155.1
TORPE,KILLER,500,600000,5,421,74,4,50,155.1
KILLER01,KILLER02,500,600000,375,124,1,1,2,8.7
KILLER02,KILLER01,500,600000,134,365,1,2,1,8.7
KILLER01,KILLER03,500,600000,261,238,1,1,0,9.7
KILLER03,KILLER01,500,600000,233,267,0,0,1,9.7
KILLER,VIKTOR05,500,600000,39,1,460,64,11,64.0
VIKTOR05,KILLER,500,600000,0,28,472,10,63,64.0
KILLER,VIKTOR01,500,600000,2,0,498,64,55,184.1
VIKTOR01,KILLER,500,600000,0,3,497,55,64,184.1
KILLER,VIKTOR04,500,600000,350,4,146,54,18,113.2
VIKTOR04,KILLER,500,600000,1,364,135,17,55,113.2
KILLER01,PRB001,500,600000,280,39,181,2,5,26.0
PRB001,KILLER01,500,600000,31,315,154,4,2,26.0
KILLER01,MICE,500,600000,6,446,48,6,53,70.5
MICE,KILLER01,500,600000,434,8,58,52,7,70.5
KILLER01,KILLER2,500,600000,10,402,88,12,58,96.7
KILLER2,KILLER01,500,600000,413,5,82,58,10,96.7
KILLER,PRB011,500,600000,21,19,460,59,59,342.9
PRB011,KILLER,500,600000,18,21,461,58,58,342.9
KILLER01,PRB003,500,600000,101,399,0,1,24,14.0
PRB003,KILLER01,500,600000,400,99,1,24,0,14.0
KILLER01,PRB002,500,600000,197,1,302,2,1,30.5
PRB002,KILLER01,500,600000,3,190,307,1,2,30.5
KILLER01,PRB004,500,600000,21,475,4,1,32,22.9
PRB004,KILLER01,500,600000,488,11,1,36,1,22.9
KILLER01,PRB008,500,600000,163,336,1,1,2,8.0
PRB008,KILLER01,500,600000,287,213,0,1,1,8.0
KILLER01,MICE2,500,600000,9,392,99,13,59,98.1
MICE2,KILLER01,500,600000,400,8,92,60,12,98.1
KILLER01,PRB005,500,600000,15,471,14,3,55,28.3
PRB005,KILLER01,500,600000,468,22,10,56,3,28.3
KILLER01,PRB010,500,600000,489,9,2,2,0,11.5
PRB010,KILLER01,500,600000,2,498,0,0,2,11.5
KILLER01,ROHAMO,500,600000,496,0,4,2,0,15.9
ROHAMO,KILLER01,500,600000,0,498,2,0,2,15.9
KILLER01,PRB009,500,600000,155,334,11,1,5,29.5
PRB009,KILLER01,500,600000,339,143,18,5,1,29.5
KILLER01,TORPE,500,600000,128,372,0,1,1,5.4
TORPE,KILLER01,500,600000,382,118,0,1,0,5.4
KILLER01,PRB011,500,600000,13,471,16,2,45,33.2
PRB011,KILLER01,500,600000,464,17,19,44,2,33.2
KILLER01,VIKTOR02,500,600000,500,0,0,2,0,8.0
VIKTOR02,KILLER01,500,600000,1,499,0,0,2,8.0
KILLER01,VIKTOR03,500,600000,478,22,0,2,0,9.5
VIKTOR03,KILLER01,500,600000,22,476,2,0,2,9.5
KILLER01,PRB007,500,600000,14,426,60,6,49,71.3
PRB007,KILLER01,500,600000,425,21,54,51,4,71.3
KILLER,Y,500,600000,254,23,223,59,28,211.5
Y,KILLER,500,600000,15,223,262,33,60,211.5
KILLER01,Y,500,600000,190,309,1,1,1,10.2
Y,KILLER01,500,600000,270,230,0,1,1,10.2
KILLER02,KILLER03,500,600000,276,224,0,4,0,8.0
KILLER03,KILLER02,500,600000,212,288,0,0,4,8.0
KILLER,VIKTOR02,500,600000,48,19,433,59,56,328.1
VIKTOR02,KILLER,500,600000,11,45,444,57,61,328.1
KILLER01,VIKTOR04,500,600000,468,9,23,2,0,33.3
VIKTOR04,KILLER01,500,600000,7,476,17,0,2,33.3
KILLER01,VIKTOR01,500,600000,84,0,416,2,1,47.5
VIKTOR01,KILLER01,500,600000,2,92,406,1,2,47.5
KILLER,VIKTOR03,500,600000,123,7,370,60,47,278.0
VIKTOR03,KILLER,500,600000,11,121,368,47,60,278.0
KILLER01,VIKTOR05,500,600000,182,5,313,2,1,35.1
VIKTOR05,KILLER01,500,600000,1,197,302,1,2,35.1
KILLER02,PRB003,500,600000,70,429,1,1,23,14.9
PRB003,KILLER02,500,600000,424,75,1,23,1,14.9
KILLER02,PRB002,500,600000,196,0,304,8,1,24.9
PRB002,KILLER02,500,600000,0,206,294,1,8,24.9
KILLER02,PRB004,500,600000,9,489,2,1,41,34.0
PRB004,KILLER02,500,600000,482,7,11,42,1,34.0
KILLER02,PRB001,500,600000,59,222,219,4,7,47.2
PRB001,KILLER02,500,600000,178,58,264,6,5,47.2
KILLER02,MICE,500,600000,5,475,20,3,59,52.4
MICE,KILLER02,500,600000,473,3,24,58,3,52.4
KILLER02,PRB008,500,600000,196,304,0,3,1,6.9
PRB008,KILLER02,500,600000,283,217,0,1,3,6.9
KILLER02,PRB010,500,600000,498,2,0,8,0,10.5
PRB010,KILLER02,500,600000,0,500,0,0,8,10.5
KILLER02,PRB005,500,600000,23,462,15,4,55,42.8
PRB005,KILLER02,500,600000,460,26,14,54,4,42.8
KILLER02,MICE2,500,600000,4,434,62,8,62,73.6
MICE2,KILLER02,500,600000,439,5,56,62,7,73.6
KILLER02,ROHAMO,500,600000,500,0,0,8,0,10.0
ROHAMO,KILLER02,500,600000,0,500,0,0,8,10.0
KILLER02,TORPE,500,600000,147,352,1,2,1,5.2
TORPE,KILLER02,500,600000,389,111,0,1,2,5.2
KILLER01,PRB006,500,600000,12,265,223,28,58,182.1
PRB006,KILLER01,500,600000,260,10,230,58,29,182.1
KILLER02,VIKTOR02,500,600000,499,0,1,8,0,8.8
VIKTOR02,KILLER02,500,600000,6,494,0,0,8,8.8
KILLER02,VIKTOR03,500,600000,473,26,1,7,1,8.4
VIKTOR03,KILLER02,500,600000,27,473,0,1,7,8.4
KILLER02,VIKTOR04,500,600000,489,6,5,8,0,17.9
VIKTOR04,KILLER02,500,600000,3,488,9,0,8,17.9
KILLER02,PRB011,500,600000,12,470,18,2,45,43.6
PRB011,KILLER02,500,600000,470,11,19,45,3,43.6
KILLER02,PRB009,500,600000,156,314,30,3,5,59.6
PRB009,KILLER02,500,600000,314,139,47,5,3,59.6
KILLER02,Y,500,600000,187,313,0,3,1,11.0
Y,KILLER02,500,600000,289,211,0,1,3,11.0
KILLER02,KILLER2,500,600000,6,363,131,16,60,119.7
KILLER2,KILLER02,500,600000,389,6,105,61,13,119.7
KILLER02,VIKTOR05,500,600000,189,4,307,8,1,26.1
VIKTOR05,KILLER02,500,600000,1,180,319,1,8,26.1
KILLER02,VIKTOR01,500,600000,71,35,394,7,5,48.5
VIKTOR01,KILLER02,500,600000,18,48,434,10,8,48.5
KILLER03,PRB003,500,600000,52,372,76,1,28,16.5
PRB003,KILLER03,500,600000,382,43,75,30,0,16.5
KILLER02,PRB007,500,600000,15,370,115,9,52,111.8
PRB007,KILLER02,500,600000,386,10,104,52,8,111.8
KILLER03,PRB001,500,600000,29,52,419,1,15,40.4
PRB001,KILLER03,500,600000,52,25,423,17,1,40.4
KILLER03,PRB002,500,600000,180,96,224,1,1,38.5
PRB002,KILLER03,500,600000,93,202,205,1,1,38.5
KILLER03,PRB004,500,600000,15,381,104,0,36,20.7
PRB004,KILLER03,500,600000,385,22,93,36,1,20.7
KILLER03,PRB005,500,600000,12,341,147,2,56,24.0
PRB005,KILLER03,500,600000,354,19,127,55,1,24.0
KILLER03,PRB008,500,600000,211,288,1,0,1,20.5
PRB008,KILLER03,500,600000,256,243,1,1,0,20.5
KILLER03,KILLER2,500,600000,4,325,171,10,57,76.6
KILLER2,KILLER03,500,600000,340,2,158,58,11,76.6
KILLER03,MICE2,500,600000,3,319,178,9,58,74.0
MICE2,KILLER03,500,600000,306,4,190,57,10,74.0
KILLER03,MICE,500,600000,6,258,236,10,53,86.2
MICE,KILLER03,500,600000,246,16,238,51,12,86.2
KILLER03,TORPE,500,600000,109,391,0,0,1,7.1
TORPE,KILLER03,500,600000,385,115,0,1,0,7.1
KILLER03,ROHAMO,500,600000,498,1,1,1,0,13.3
ROHAMO,KILLER03,500,600000,1,499,0,0,1,13.3
KILLER03,PRB007,500,600000,19,376,105,3,47,52.2
PRB007,KILLER03,500,600000,367,17,116,50,4,52.2
KILLER03,VIKTOR02,500,600000,480,1,19,1,1,13.4
VIKTOR02,KILLER03,500,600000,6,469,25,1,1,13.4
KILLER03,PRB010,500,600000,387,112,1,1,0,38.0
PRB010,KILLER03,500,600000,89,411,0,0,1,38.0
KILLER03,VIKTOR03,500,600000,466,33,1,1,1,10.1
VIKTOR03,KILLER03,500,600000,44,456,0,0,1,10.1
KILLER03,PRB009,500,600000,166,296,38,0,2,46.2
PRB009,KILLER03,500,600000,287,173,40,2,0,46.2
KILLER03,PRB006,500,600000,6,243,251,11,57,73.4
PRB006,KILLER03,500,600000,264,10,226,55,9,73.4
KILLER03,VIKTOR04,500,600000,388,59,53,1,0,18.3
VIKTOR04,KILLER03,500,600000,26,449,25,0,1,18.3
KILLER02,PRB006,500,600000,12,234,254,33,59,209.2
PRB006,KILLER02,500,600000,215,5,280,58,35,209.2
KILLER03,PRB011,500,600000,15,354,131,6,47,51.3
PRB011,KILLER03,500,600000,340,20,140,47,8,51.3
KILLER03,VIKTOR01,500,600000,26,60,414,1,4,40.6
VIKTOR01,KILLER03,500,600000,79,22,399,4,1,40.6
KILLER03,VIKTOR05,500,600000,174,92,234,1,1,31.2
VIKTOR05,KILLER03,500,600000,76,210,214,1,1,31.2
KILLER03,Y,500,600000,263,236,1,1,0,44.2
Y,KILLER03,500,600000,152,348,0,0,1,44.2
KILLER2,PRB003,500,600000,352,17,131,57,17,136.4
PRB003,KILLER2,500,600000,28,328,144,21,55,136.4
KILLER2,PRB002,500,600000,86,1,413,63,25,148.1
PRB002,KILLER2,500,600000,2,94,404,23,61,148.1
KILLER2,PRB008,500,600000,328,19,153,53,19,129.8
PRB008,KILLER2,500,600000,11,347,142,18,55,129.8
KILLER2,MICE,500,600000,52,46,402,55,55,316.1
MICE,KILLER2,500,600000,54,56,390,52,55,316.1
KILLER2,PRB001,500,600000,50,1,449,62,50,311.7
PRB001,KILLER2,500,600000,4,44,452,50,62,311.7
KILLER2,PRB005,500,600000,69,31,400,56,50,303.5
PRB005,KILLER2,500,600000,37,71,392,51,56,303.5
KILLER2,PRB004,500,600000,46,31,423,56,55,314.7
PRB004,KILLER2,500,600000,34,48,418,54,56,314.7
KILLER2,MICE2,500,600000,27,35,438,57,57,333.3
MICE2,KILLER2,500,600000,44,26,430,57,55,333.3
KILLER2,PRB006,500,600000,33,18,449,60,58,326.8
PRB006,KILLER2,500,600000,14,34,452,57,60,326.8
KILLER2,TORPE,500,600000,474,2,24,57,2,72.1
TORPE,KILLER2,500,600000,3,476,21,2,57,72.1
KILLER2,ROHAMO,500,600000,422,3,75,60,9,89.9
ROHAMO,KILLER2,500,600000,1,439,60,7,61,89.9
KILLER2,PRB010,500,600000,240,132,128,42,16,128.1
PRB010,KILLER2,500,600000,136,236,128,16,44,128.1
KILLER2,PRB007,500,600000,51,32,417,56,52,300.0
PRB007,KILLER2,500,600000,24,64,412,51,56,300.0
KILLER2,VIKTOR04,500,600000,465,2,33,50,4,44.1
VIKTOR04,KILLER2,500,600000,0,449,51,6,50,44.1
KILLER2,PRB009,500,600000,123,28,349,55,38,276.2
PRB009,KILLER2,500,600000,18,150,332,34,57,276.2
KILLER2,VIKTOR03,500,600000,302,9,189,60,22,170.2
VIKTOR03,KILLER2,500,600000,8,321,171,20,60,170.2
KILLER2,VIKTOR05,500,600000,76,0,424,62,25,149.4
VIKTOR05,KILLER2,500,600000,3,78,419,25,61,149.4
KILLER2,VIKTOR02,500,600000,190,22,288,59,37,235.0
VIKTOR02,KILLER2,500,600000,22,206,272,35,59,235.0
KILLER2,Y,500,600000,228,206,66,33,7,161.3
Y,KILLER2,500,600000,207,235,58,5,33,161.3
KILLER2,PRB011,500,600000,61,29,410,55,52,316.2
PRB011,KILLER2,500,600000,43,48,409,54,54,316.2
KILLER2,VIKTOR01,500,600000,20,6,474,61,58,317.1
VIKTOR01,KILLER2,500,600000,3,11,486,58,62,317.1
MICE,PRB003,500,600000,395,13,92,56,12,112.5
PRB003,MICE,500,600000,12,398,90,11,58,112.5
MICE,PRB002,500,600000,116,3,381,59,22,138.3
PRB002,MICE,500,600000,10,109,381,21,58,138.3
MICE,MICE2,500,600000,27,42,431,55,57,337.8
MICE2,MICE,500,600000,24,33,443,57,57,337.8
MICE,PRB008,500,600000,390,4,106,47,13,103.7
PRB008,MICE,500,600000,8,388,104,13,48,103.7
MICE,PRB010,500,600000,323,126,51,40,6,76.2
PRB010,MICE,500,600000,117,346,37,6,42,76.2
MICE,PRB001,500,600000,27,3,470,63,50,314.4
PRB001,MICE,500,600000,6,34,460,50,62,314.4
MICE,PRB005,500,600000,112,55,333,52,44,288.7
PRB005,MICE,500,600000,53,102,345,46,53,288.7
MICE,PRB004,500,600000,66,32,402,55,52,327.6
PRB004,MICE,500,600000,34,46,420,55,57,327.6
MICE,TORPE,500,600000,470,6,24,54,3,71.5
TORPE,MICE,500,600000,12,463,25,3,53,71.5
MICE,PRB007,500,600000,101,50,349,51,44,295.8
PRB007,MICE,500,600000,44,95,361,44,52,295.8
MICE,PRB009,500,600000,265,17,218,55,17,239.2
PRB009,MICE,500,600000,27,273,200,16,54,239.2
MICE,ROHAMO,500,600000,458,3,39,57,5,80.0
ROHAMO,MICE,500,600000,5,460,35,5,59,80.0
MICE,VIKTOR04,500,600000,486,3,11,35,1,17.2
VIKTOR04,MICE,500,600000,2,493,5,1,34,17.2
MICE,PRB006,500,600000,27,25,448,58,57,338.7
PRB006,MICE,500,600000,16,26,458,59,59,338.7
MICE,VIKTOR03,500,600000,424,8,68,60,8,104.5
VIKTOR03,MICE,500,600000,21,410,69,8,58,104.5
MICE,VIKTOR05,500,600000,123,9,368,57,20,130.3
VIKTOR05,MICE,500,600000,7,121,372,20,59,130.3
MICE,VIKTOR02,500,600000,342,18,140,60,18,160.0
VIKTOR02,MICE,500,600000,11,349,140,18,60,160.0
MICE,Y,500,600000,286,185,29,32,3,135.9
Y,MICE,500,600000,201,262,37,5,31,135.9
MICE2,PRB002,500,600000,106,4,390,62,24,150.5
PRB002,MICE2,500,600000,8,105,387,22,61,150.5
MICE,PRB011,500,600000,81,52,367,52,48,320.0
PRB011,MICE,500,600000,50,59,391,51,54,320.0
MICE,VIKTOR01,500,600000,19,7,474,62,57,317.8
VIKTOR01,MICE,500,600000,14,14,472,55,60,317.8
MICE2,PRB003,500,600000,293,20,187,59,25,165.5
PRB003,MICE2,500,600000,20,304,176,23,59,165.5
MICE2,PRB008,500,600000,325,9,166,55,21,143.3
PRB008,MICE2,500,600000,9,335,156,18,56,143.3
MICE2,PRB001,500,600000,56,3,441,62,51,315.2
PRB001,MICE2,500,600000,4,50,446,51,63,315.2
MICE2,PRB010,500,600000,277,148,75,40,11,103.5
PRB010,MICE2,500,600000,145,281,74,11,41,103.5
MICE2,ROHAMO,500,600000,427,8,65,61,9,94.2
ROHAMO,MICE2,500,600000,4,433,63,8,61,94.2
MICE2,TORPE,500,600000,454,3,43,60,5,77.1
TORPE,MICE2,500,600000,11,453,36,4,58,77.1
MICE2,PRB005,500,600000,60,25,415,57,54,326.9
PRB005,MICE2,500,600000,34,50,416,53,56,326.9
MICE2,PRB004,500,600000,46,27,427,57,55,336.5
PRB004,MICE2,500,600000,33,37,430,57,57,336.5
MICE2,PRB006,500,600000,38,18,444,57,57,338.0
PRB006,MICE2,500,600000,27,29,444,56,59,338.0
MICE2,PRB007,500,600000,72,33,395,56,50,311.2
PRB007,MICE2,500,600000,21,70,409,50,58,311.2
MICE2,VIKTOR04,500,600000,478,1,21,44,2,30.0
VIKTOR04,MICE2,500,600000,6,467,27,4,44,30.0
PRB001,PRB002,500,600000,59,0,441,61,2,36.0
PRB002,PRB001,500,600000,0,62,438,2,61,36.0
MICE2,PRB009,500,600000,169,19,312,59,33,288.6
PRB009,MICE2,500,600000,21,151,328,33,56,288.6
PRB001,PRB003,500,600000,23,162,315,4,41,68.1
PRB003,PRB001,500,600000,181,31,288,43,4,68.1
MICE2,VIKTOR05,500,600000,127,6,367,61,20,138.0
VIKTOR05,MICE2,500,600000,5,136,359,21,60,138.0
MICE2,VIKTOR03,500,600000,330,10,160,60,20,157.8
VIKTOR03,MICE2,500,600000,8,330,162,20,61,157.8
MICE2,Y,500,600000,329,99,72,47,9,139.9
Y,MICE2,500,600000,95,321,84,9,47,139.9
MICE2,PRB011,500,600000,36,29,435,57,57,334.5
PRB011,MICE2,500,600000,30,34,436,57,57,334.5
MICE2,VIKTOR02,500,600000,182,27,291,58,38,245.2
VIKTOR02,MICE2,500,600000,21,202,277,37,58,245.2
MICE2,VIKTOR01,500,600000,39,0,461,63,56,313.5
VIKTOR01,MICE2,500,600000,11,40,449,55,61,313.5
PRB001,PRB005,500,600000,10,49,441,35,61,162.4
PRB005,PRB001,500,600000,40,13,447,62,35,162.4
PRB001,PRB010,500,600000,84,384,32,13,6,73.4
PRB010,PRB001,500,600000,383,95,22,6,13,73.4
PRB001,PRB004,500,600000,8,55,437,17,61,232.1
PRB004,PRB001,500,600000,55,7,438,62,16,232.1
PRB001,PRB009,500,600000,43,335,122,10,11,176.5
PRB009,PRB001,500,600000,320,38,142,11,9,176.5
PRB001,ROHAMO,500,600000,498,0,2,63,0,80.2
ROHAMO,PRB001,500,600000,0,500,0,0,62,80.2
PRB001,PRB007,500,600000,15,126,359,25,52,239.2
PRB007,PRB001,500,600000,137,14,349,54,26,239.2
PRB001,PRB006,500,600000,0,3,497,60,64,268.3
PRB006,PRB001,500,600000,0,1,499,64,60,268.3
PRB001,PRB008,500,600000,179,64,257,41,4,290.8
PRB008,PRB001,500,600000,57,196,247,4,42,290.8
PRB001,VIKTOR03,500,600000,313,17,170,37,6,75.0
VIKTOR03,PRB001,500,600000,22,355,123,4,38,75.0
PRB001,VIKTOR05,500,600000,42,0,458,63,2,36.5
VIKTOR05,PRB001,500,600000,0,38,462,2,61,36.5
PRB001,VIKTOR04,500,600000,198,1,301,62,3,65.0
VIKTOR04,PRB001,500,600000,0,201,299,5,62,65.0
PRB002,PRB003,500,600000,3,334,163,1,41,25.1
PRB003,PRB002,500,600000,380,2,118,41,0,25.1
PRB001,VIKTOR02,500,600000,341,4,155,56,8,125.4
VIKTOR02,PRB001,500,600000,4,335,161,10,54,125.4
PRB002,PRB005,500,600000,1,35,464,2,63,33.5
PRB005,PRB002,500,600000,39,3,458,63,3,33.5
PRB002,PRB004,500,600000,2,101,397,2,57,42.0
PRB004,PRB002,500,600000,114,1,385,59,1,42.0
PRB001,PRB011,500,600000,2,19,479,31,62,251.3
PRB011,PRB001,500,600000,22,5,473,63,32,251.3
PRB001,VIKTOR01,500,600000,6,1,493,59,26,208.2
VIKTOR01,PRB001,500,600000,0,2,498,29,58,208.2
PRB002,PRB006,500,600000,1,41,458,9,63,55.9
PRB006,PRB002,500,600000,47,4,449,63,7,55.9
PRB002,PRB007,500,600000,0,235,265,4,59,59.5
PRB007,PRB002,500,600000,206,4,290,60,3,59.5
PRB002,PRB010,500,600000,133,85,282,2,1,64.5
PRB010,PRB002,500,600000,60,168,272,1,2,64.5
PRB001,TORPE,500,600000,63,0,437,44,1,294.8
TORPE,PRB001,500,600000,0,50,450,1,41,294.8
PRB002,ROHAMO,500,600000,279,74,147,2,1,68.4
ROHAMO,PRB002,500,600000,47,254,199,1,2,68.4
PRB002,PRB011,500,600000,1,104,395,17,60,83.2
PRB011,PRB002,500,600000,78,3,419,60,20,83.2
PRB002,VIKTOR01,500,600000,3,0,497,2,13,27.4
VIKTOR01,PRB002,500,600000,0,1,499,15,2,27.4
PRB002,PRB009,500,600000,4,234,262,4,30,123.8
PRB009,PRB002,500,600000,233,3,264,29,4,123.8
PRB002,PRB008,500,600000,171,154,175,8,9,136.9
PRB008,PRB002,500,600000,144,193,163,5,4,136.9
PRB002,VIKTOR02,500,600000,4,17,479,2,20,39.0
VIKTOR02,PRB002,500,600000,6,12,482,20,3,39.0
PRB002,VIKTOR05,500,600000,5,7,488,2,2,34.1
VIKTOR05,PRB002,500,600000,5,6,489,2,2,34.1
PRB002,VIKTOR03,500,600000,10,259,231,1,16,58.6
VIKTOR03,PRB002,500,600000,234,22,244,13,1,58.6
PRB001,Y,500,600000,48,379,73,12,1,212.5
Y,PRB001,500,600000,387,57,56,1,11,212.5
PRB002,VIKTOR04,500,600000,19,12,469,2,2,54.3
VIKTOR04,PRB002,500,600000,2,11,487,2,2,54.3
PRB003,PRB008,500,600000,409,90,1,20,1,12.1
PRB008,PRB003,500,600000,77,421,2,1,21,12.1
PRB003,PRB004,500,600000,21,457,22,4,41,59.9
PRB004,PRB003,500,600000,451,32,17,39,3,59.9
PRB003,PRB005,500,600000,42,435,23,6,53,60.2
PRB005,PRB003,500,600000,425,46,29,52,7,60.2
PRB003,PRB010,500,600000,393,103,4,31,2,26.0
PRB010,PRB003,500,600000,83,415,2,1,31,26.0
PRB003,ROHAMO,500,600000,498,2,0,42,0,20.4
ROHAMO,PRB003,500,600000,4,496,0,0,39,20.4
PRB003,TORPE,500,600000,472,26,2,20,0,20.9
TORPE,PRB003,500,600000,35,462,3,0,18,20.9
PRB003,PRB009,500,600000,292,169,39,18,2,75.2
PRB009,PRB003,500,600000,168,289,43,3,18,75.2
PRB003,VIKTOR02,500,600000,461,29,10,42,1,35.0
VIKTOR02,PRB003,500,600000,35,460,5,1,41,35.0
PRB003,VIKTOR03,500,600000,486,9,5,41,1,17.7
VIKTOR03,PRB003,500,600000,20,477,3,1,38,17.7
PRB002,Y,500,600000,105,182,213,1,1,143.4
Y,PRB002,500,600000,192,96,212,1,2,143.4
PRB003,PRB011,500,600000,18,434,48,6,48,75.2
PRB011,PRB003,500,600000,425,42,33,44,6,75.2
PRB003,VIKTOR04,500,600000,466,16,18,39,1,18.9
VIKTOR04,PRB003,500,600000,6,482,12,0,39,18.9
PRB003,VIKTOR01,500,600000,87,2,411,51,2,59.5
VIKTOR01,PRB003,500,600000,8,126,366,3,49,59.5
PRB003,VIKTOR05,500,600000,339,6,155,40,1,25.9
VIKTOR05,PRB003,500,600000,7,338,155,1,41,25.9
PRB002,TORPE,500,600000,94,71,335,3,4,250.8
TORPE,PRB002,500,600000,77,109,314,2,2,250.8
PRB003,PRB007,500,600000,37,334,129,13,46,148.5
PRB007,PRB003,500,600000,313,48,139,44,14,148.5
PRB004,PRB008,500,600000,441,30,29,40,6,49.6
PRB008,PRB004,500,600000,17,463,20,4,43,49.6
PRB003,Y,500,600000,342,156,2,22,0,82.7
Y,PRB003,500,600000,203,296,1,0,18,82.7
PRB004,PRB010,500,600000,446,34,20,42,2,39.9
PRB010,PRB004,500,600000,34,450,16,2,44,39.9
PRB004,ROHAMO,500,600000,493,5,2,49,0,31.0
ROHAMO,PRB004,500,600000,9,489,2,1,49,31.0
PRB003,PRB006,500,600000,18,113,369,47,59,274.1
PRB006,PRB003,500,600000,132,20,348,57,44,274.1
PRB004,PRB005,500,600000,151,233,116,30,39,178.9
PRB005,PRB004,500,600000,206,156,138,38,32,178.9
PRB004,VIKTOR03,500,600000,488,7,5,53,1,47.2
VIKTOR03,PRB004,500,600000,16,475,9,2,53,47.2
PRB004,VIKTOR02,500,600000,486,9,5,57,1,71.2
VIKTOR02,PRB004,500,600000,18,470,12,2,57,71.2
PRB004,VIKTOR01,500,600000,40,0,460,62,10,124.2
VIKTOR01,PRB004,500,600000,2,26,472,11,62,124.2
PRB004,VIKTOR04,500,600000,490,5,5,41,0,26.7
VIKTOR04,PRB004,500,600000,5,488,7,1,39,26.7
PRB004,PRB009,500,600000,292,43,165,41,3,238.7
PRB009,PRB004,500,600000,49,288,163,5,39,238.7
PRB004,VIKTOR05,500,600000,113,2,385,59,3,47.6
VIKTOR05,PRB004,500,600000,1,114,385,3,58,47.6
PRB004,TORPE,500,600000,323,28,149,21,0,209.5
TORPE,PRB004,500,600000,35,320,145,1,21,209.5
PRB004,PRB011,500,600000,113,210,177,29,40,234.8
PRB011,PRB004,500,600000,203,101,196,41,30,234.8
PRB004,Y,500,600000,433,55,12,37,0,65.7
Y,PRB004,500,600000,58,432,10,1,37,65.7
PRB004,PRB007,500,600000,84,87,329,43,42,299.2
PRB007,PRB004,500,600000,80,92,328,40,40,299.2
PRB005,PRB008,500,600000,421,48,31,51,7,55.9
PRB008,PRB005,500,600000,39,432,29,7,51,55.9
PRB005,ROHAMO,500,600000,481,14,5,58,2,42.2
ROHAMO,PRB005,500,600000,10,477,13,2,59,42.2
PRB004,PRB006,500,600000,13,13,474,60,60,346.0
PRB006,PRB004,500,600000,16,8,476,60,60,346.0
PRB005,PRB010,500,600000,339,58,103,50,8,94.6
PRB010,PRB005,500,600000,51,363,86,7,51,94.6
PRB005,PRB009,500,600000,320,116,64,42,13,132.1
PRB009,PRB005,500,600000,108,309,83,13,43,132.1
PRB005,VIKTOR02,500,600000,421,38,41,56,8,87.3
VIKTOR02,PRB005,500,600000,37,425,38,7,56,87.3
PRB005,VIKTOR04,500,600000,479,7,14,55,1,25.8
VIKTOR04,PRB005,500,600000,9,465,26,2,55,25.8
PRB005,VIKTOR03,500,600000,446,31,23,56,5,60.9
VIKTOR03,PRB005,500,600000,46,433,21,6,54,60.9
PRB005,VIKTOR01,500,600000,8,1,491,63,25,123.9
VIKTOR01,PRB005,500,600000,1,6,493,28,62,123.9
PRB005,TORPE,500,600000,378,19,103,43,1,143.8
TORPE,PRB005,500,600000,31,372,97,1,44,143.8
PRB005,VIKTOR05,500,600000,56,3,441,62,3,34.7
VIKTOR05,PRB005,500,600000,0,43,457,2,63,34.7
PRB005,PRB011,500,600000,173,182,145,33,33,192.1
PRB011,PRB005,500,600000,165,174,161,33,35,192.1
PRB005,PRB007,500,600000,178,117,205,38,29,232.6
PRB007,PRB005,500,600000,119,161,220,34,39,232.6
PRB005,Y,500,600000,377,106,17,46,2,92.2
Y,PRB005,500,600000,85,389,26,3,48,92.2
PRB005,PRB006,500,600000,41,42,417,55,56,327.2
PRB006,PRB005,500,600000,38,27,435,57,56,327.2
PRB006,PRB010,500,600000,190,159,151,40,21,149.1
PRB010,PRB006,500,600000,166,184,150,21,40,149.1
PRB006,ROHAMO,500,600000,371,2,127,59,16,126.3
ROHAMO,PRB006,500,600000,4,381,115,15,60,126.3
PRB006,TORPE,500,600000,425,5,70,49,4,149.8
TORPE,PRB006,500,600000,13,397,90,4,49,149.8
PRB006,PRB008,500,600000,167,14,319,57,40,252.8
PRB008,PRB006,500,600000,14,161,325,42,55,252.8
PRB006,VIKTOR01,500,600000,9,1,490,63,55,188.8
VIKTOR01,PRB006,500,600000,5,3,492,54,63,188.8
PRB006,PRB007,500,600000,51,45,404,53,52,322.8
PRB007,PRB006,500,600000,48,44,408,52,53,322.8
PRB006,VIKTOR05,500,600000,49,0,451,63,9,58.9
VIKTOR05,PRB006,500,600000,2,43,455,10,62,58.9
PRB006,PRB009,500,600000,83,31,386,56,46,322.2
PRB009,PRB006,500,600000,37,81,382,42,53,322.2
PRB006,VIKTOR04,500,600000,337,8,155,50,19,120.1
VIKTOR04,PRB006,500,600000,4,361,135,17,50,120.1
PRB006,PRB011,500,600000,20,18,462,58,58,342.5
PRB011,PRB006,500,600000,21,16,463,59,59,342.5
PRB006,VIKTOR03,500,600000,112,7,381,60,48,281.0
VIKTOR03,PRB006,500,600000,27,119,354,46,58,281.0
PRB007,PRB010,500,600000,324,50,126,48,13,130.9
PRB010,PRB007,500,600000,46,327,127,13,48,130.9
PRB006,VIKTOR02,500,600000,50,12,438,60,55,329.7
VIKTOR02,PRB006,500,600000,7,47,446,56,61,329.7
PRB006,Y,500,600000,248,37,215,56,27,201.3
Y,PRB006,500,600000,35,257,208,26,56,201.3
PRB007,ROHAMO,500,600000,411,8,81,58,5,154.6
ROHAMO,PRB007,500,600000,13,419,68,4,57,154.6
PRB007,PRB008,500,600000,233,14,253,50,14,233.6
PRB008,PRB007,500,600000,19,247,234,16,50,233.6
PRB007,VIKTOR05,500,600000,201,6,293,57,6,64.2
VIKTOR05,PRB007,500,600000,1,255,244,4,58,64.2
PRB007,PRB011,500,600000,94,121,285,36,40,272.8
PRB011,PRB007,500,600000,120,110,270,40,36,272.8
PRB007,VIKTOR04,500,600000,400,8,92,48,6,118.1
VIKTOR04,PRB007,500,600000,2,395,103,6,51,118.1
PRB007,PRB009,500,600000,73,31,396,46,22,363.0
PRB009,PRB007,500,600000,30,74,396,20,46,363.0
PRB008,PRB010,500,600000,364,133,3,1,1,44.8
PRB010,PRB008,500,600000,129,371,0,1,1,44.8
PRB007,VIKTOR01,500,600000,47,3,450,56,29,226.6
VIKTOR01,PRB007,500,600000,8,52,440,30,56,226.6
PRB007,VIKTOR03,500,600000,308,23,169,53,13,187.3
VIKTOR03,PRB007,500,600000,16,323,161,13,53,187.3
PRB007,TORPE,500,600000,303,6,191,52,5,271.2
TORPE,PRB007,500,600000,10,295,195,5,51,271.2
PRB008,PRB011,500,600000,11,449,40,4,47,57.9
PRB011,PRB008,500,600000,456,13,31,48,3,57.9
PRB007,VIKTOR02,500,600000,215,30,255,50,23,268.0
VIKTOR02,PRB007,500,600000,37,196,267,23,48,268.0
PRB008,VIKTOR01,500,600000,212,32,256,28,14,152.5
VIKTOR01,PRB008,500,600000,39,243,218,11,27,152.5
PRB007,Y,500,600000,255,104,141,43,7,241.9
Y,PRB007,500,600000,85,241,174,10,44,241.9
PRB008,VIKTOR03,500,600000,226,206,68,4,3,151.8
VIKTOR03,PRB008,500,600000,176,240,84,2,5,151.8
PRB008,VIKTOR05,500,600000,233,119,148,8,7,72.6
VIKTOR05,PRB008,500,600000,112,258,130,4,6,72.6
PRB008,VIKTOR02,500,600000,4,256,240,13,37,231.4
VIKTOR02,PRB008,500,600000,253,6,241,38,15,231.4
PRB008,VIKTOR04,500,600000,180,119,201,11,1,236.0
VIKTOR04,PRB008,500,600000,112,214,174,1,11,236.0
PRB008,PRB009,500,600000,3,86,411,12,12,378.2
PRB009,PRB008,500,600000,118,1,381,12,12,378.2
PRB009,PRB010,500,600000,302,53,145,11,1,183.2
PRB010,PRB009,500,600000,39,334,127,1,12,183.2
PRB009,PRB011,500,600000,60,290,150,8,40,224.5
PRB011,PRB009,500,600000,297,60,143,41,10,224.5
PRB008,Y,500,600000,147,264,89,1,1,356.7
Y,PRB008,500,600000,268,152,80,1,1,356.7
PRB008,TORPE,500,600000,2,172,326,2,1,536.3
TORPE,PRB008,500,600000,168,1,331,1,2,536.3
PRB009,VIKTOR01,500,600000,90,12,398,27,12,307.6
VIKTOR01,PRB009,500,600000,10,89,401,13,26,307.6
PRB009,VIKTOR05,500,600000,204,8,288,30,5,100.8
VIKTOR05,PRB009,500,600000,3,194,303,5,31,100.8
PRB010,PRB011,500,600000,9,448,43,4,52,46.5
PRB011,PRB010,500,600000,459,8,33,51,3,46.5
PRB009,VIKTOR04,500,600000,339,17,144,10,1,179.9
VIKTOR04,PRB009,500,600000,12,347,141,1,10,179.9
PRB008,ROHAMO,500,600000,0,10,490,3,1,719.4
ROHAMO,PRB008,500,600000,2,0,498,1,3,719.4
PRB009,VIKTOR02,500,600000,69,13,418,11,14,350.9
VIKTOR02,PRB009,500,600000,11,78,411,14,10,350.9
PRB009,VIKTOR03,500,600000,228,46,226,9,2,320.5
VIKTOR03,PRB009,500,600000,51,213,236,3,10,320.5
PRB009,ROHAMO,500,600000,93,4,403,10,1,524.2
ROHAMO,PRB009,500,600000,2,91,407,1,10,524.2
PRB010,VIKTOR01,500,600000,281,2,217,11,3,86.9
VIKTOR01,PRB010,500,600000,0,288,212,3,11,86.9
PRB010,ROHAMO,500,600000,500,0,0,1,0,147.4
ROHAMO,PRB010,500,600000,2,498,0,0,1,147.4
PRB010,VIKTOR02,500,600000,500,0,0,5,0,95.9
VIKTOR02,PRB010,500,600000,0,500,0,0,5,95.9
PRB010,VIKTOR03,500,600000,461,35,4,4,1,88.0
VIKTOR03,PRB010,500,600000,38,458,4,2,4,88.0
PRB011,ROHAMO,500,600000,466,8,26,54,3,61.2
ROHAMO,PRB011,500,600000,14,453,33,5,53,61.2
PRB009,TORPE,500,600000,41,4,455,11,1,605.7
TORPE,PRB009,500,600000,1,29,470,1,12,605.7
PRB011,TORPE,500,600000,469,9,22,50,2,63.8
TORPE,PRB011,500,600000,17,459,24,4,50,63.8
PRB009,Y,500,600000,185,130,185,8,1,323.9
Y,PRB009,500,600000,135,167,198,1,7,323.9
PRB010,VIKTOR05,500,600000,63,6,431,4,2,147.5
VIKTOR05,PRB010,500,600000,9,69,422,2,4,147.5
PRB011,VIKTOR04,500,600000,475,6,19,42,2,33.3
VIKTOR04,PRB011,500,600000,3,484,13,1,44,33.3
PRB011,VIKTOR03,500,600000,438,19,43,54,6,82.8
VIKTOR03,PRB011,500,600000,13,442,45,6,54,82.8
PRB010,VIKTOR04,500,600000,309,16,175,4,2,249.8
VIKTOR04,PRB010,500,600000,12,308,180,2,4,249.8
PRB011,VIKTOR05,500,600000,90,1,409,61,18,82.7
VIKTOR05,PRB011,500,600000,0,101,399,18,61,82.7
PRB011,VIKTOR02,500,600000,384,30,86,52,11,129.9
VIKTOR02,PRB011,500,600000,34,388,78,11,53,129.9
PRB011,VIKTOR01,500,600000,13,2,485,62,31,160.2
VIKTOR01,PRB011,500,600000,0,6,494,34,63,160.2
PRB010,Y,500,600000,160,340,0,0,1,226.0
Y,PRB010,500,600000,332,168,0,1,0,226.0
PRB011,Y,500,600000,346,126,28,36,2,101.1
Y,PRB011,500,600000,127,343,30,3,37,101.1
ROHAMO,VIKTOR05,500,600000,16,158,326,2,3,98.1
VIKTOR05,ROHAMO,500,600000,133,40,327,3,3,98.1
ROHAMO,VIKTOR04,500,600000,39,302,159,1,4,136.1
VIKTOR04,ROHAMO,500,600000,350,20,130,3,1,136.1
PRB010,TORPE,500,600000,14,23,463,15,1,617.3
TORPE,PRB010,500,600000,15,19,466,1,13,617.3
ROHAMO,Y,500,600000,2,497,1,0,1,310.9
Y,ROHAMO,500,600000,500,0,0,1,0,310.9
TORPE,VIKTOR01,500,600000,3,46,451,1,33,239.9
VIKTOR01,TORPE,500,600000,47,1,452,33,1,239.9
ROHAMO,VIKTOR03,500,600000,2,204,294,1,55,404.3
VIKTOR03,ROHAMO,500,600000,169,2,329,58,1,404.3
ROHAMO,VIKTOR02,500,600000,4,172,324,11,53,413.2
VIKTOR02,ROHAMO,500,600000,181,3,316,52,9,413.2
TORPE,VIKTOR03,500,600000,189,227,84,1,5,159.3
VIKTOR03,TORPE,500,600000,228,197,75,5,1,159.3
TORPE,VIKTOR04,500,600000,264,167,69,1,1,119.3
VIKTOR04,TORPE,500,600000,180,232,88,1,1,119.3
TORPE,VIKTOR02,500,600000,33,251,216,2,38,328.0
VIKTOR02,TORPE,500,600000,281,23,196,43,2,328.0
VIKTOR01,VIKTOR05,500,600000,0,0,500,15,2,26.5
VIKTOR05,VIKTOR01,500,600000,0,1,499,2,14,26.5
VIKTOR01,VIKTOR04,500,600000,5,2,493,18,2,46.7
VIKTOR04,VIKTOR01,500,600000,3,7,490,2,17,46.7
ROHAMO,VIKTOR01,500,600000,0,1,499,1,64,564.9
VIKTOR01,ROHAMO,500,600000,3,2,495,63,1,564.9
TORPE,VIKTOR05,500,600000,99,51,350,1,1,269.3
VIKTOR05,TORPE,500,600000,57,106,337,1,1,269.3
VIKTOR02,VIKTOR05,500,600000,9,8,483,20,2,58.4
VIKTOR05,VIKTOR02,500,600000,11,13,476,2,20,58.4
VIKTOR01,VIKTOR02,500,600000,1,2,497,55,50,323.9
VIKTOR02,VIKTOR01,500,600000,4,1,495,51,57,323.9
VIKTOR01,VIKTOR03,500,600000,1,15,484,20,39,314.4
VIKTOR03,VIKTOR01,500,600000,26,2,472,40,21,314.4
VIKTOR02,VIKTOR04,500,600000,302,27,171,33,10,213.0
VIKTOR04,VIKTOR02,500,600000,33,287,180,9,34,213.0
VIKTOR01,Y,500,600000,0,469,31,0,1,304.9
Y,VIKTOR01,500,600000,457,0,43,1,1,304.9
VIKTOR02,VIKTOR03,500,600000,149,140,211,35,31,307.8
VIKTOR03,VIKTOR02,500,600000,129,159,212,31,36,307.8
VIKTOR03,VIKTOR05,500,600000,219,25,256,15,2,81.2
VIKTOR05,VIKTOR03,500,600000,27,228,245,3,15,81.2
VIKTOR03,VIKTOR04,500,600000,370,24,106,23,1,111.9
VIKTOR04,VIKTOR03,500,600000,31,359,110,2,22,111.9
VIKTOR04,VIKTOR05,500,600000,11,8,481,2,1,54.6
VIKTOR05,VIKTOR04,500,600000,21,10,469,2,1,54.6
ROHAMO,TORPE,500,600000,0,0,500,1,1,939.9
TORPE,ROHAMO,500,600000,0,1,499,1,1,939.9
VIKTOR02,Y,500,600000,0,499,1,0,1,264.9
Y,VIKTOR02,500,600000,500,0,0,1,0,264.9
VIKTOR03,Y,500,600000,26,473,1,1,1,208.5
Y,VIKTOR03,500,600000,476,24,0,1,1,208.5
VIKTOR05,Y,500,600000,80,171,249,1,1,170.4
Y,VIKTOR05,500,600000,182,103,215,1,1,170.4
VIKTOR04,Y,500,600000,45,392,63,0,1,236.2
Y,VIKTOR04,500,600000,360,53,87,1,0,236.2
TORPE,Y,500,600000,21,119,360,1,1,718.9
Y,TORPE,500,600000,132,19,349,1,1,718.9
