first,second,games,max_steps,first_wins,second_wins,draws,first_avg_pcs,second_avg_pcs,seconds,seed
ANTIIMP,ARTUR-1,500,600000,0,73,427,1,60,5.44,1276916
ARTUR-1,ANTIIMP,500,600000,74,0,426,59,1,5.44,1364697
ANTIIMP,ARTUR-2,500,600000,1,448,51,2,60,3.07,1415582
ARTUR-2,ANTIIMP,500,600000,467,1,32,60,1,3.07,874651
ANTIIMP,ARTUR-3,500,600000,0,373,127,4,56,4.39,1074564
ARTUR-3,ANTIIMP,500,600000,385,1,114,57,3,4.39,382407
ANTIIMP,CHANG,500,600000,0,44,456,1,64,6.82,945287
CHANG,ANTIIMP,500,600000,25,0,475,64,1,6.82,325956
ANTIIMP,CHANG2,500,600000,0,1,499,1,63,7.02,293012
CHANG2,ANTIIMP,500,600000,0,0,500,61,1,7.02,481660
ANTIIMP,CREEPER,500,600000,0,498,2,0,1,0.33,1076493
CREEPER,ANTIIMP,500,600000,500,0,0,1,0,0.33,267261
ANTIIMP,GABOR1,500,600000,187,266,47,0,2,0.19,61492
GABOR1,ANTIIMP,500,600000,234,210,56,2,1,0.19,1141655
ANTIIMP,HARVKILL,500,600000,7,433,60,8,59,2.07,741822
HARVKILL,ANTIIMP,500,600000,430,6,64,58,8,2.07,1473431
ANTIIMP,IMP,500,600000,233,0,267,1,1,0.26,1113905
IMP,ANTIIMP,500,600000,0,248,252,1,1,0.26,969678
ANTIIMP,KILLER,500,600000,3,336,161,21,60,3.78,1149771
KILLER,ANTIIMP,500,600000,347,3,150,59,19,3.78,405875
ANTIIMP,KILLER01,500,600000,0,500,0,0,2,0.10,492957
KILLER01,ANTIIMP,500,600000,500,0,0,2,0,0.10,1257936
ANTIIMP,KILLER02,500,600000,1,499,0,0,8,0.12,619863
KILLER02,ANTIIMP,500,600000,500,0,0,8,0,0.12,156351
ANTIIMP,KILLER03,500,600000,0,500,0,0,1,0.09,80267
KILLER03,ANTIIMP,500,600000,500,0,0,1,0,0.09,240029
ANTIIMP,KILLER2,500,600000,2,431,67,8,60,1.72,929550
KILLER2,ANTIIMP,500,600000,428,4,68,60,9,1.72,358639
ANTIIMP,MICE,500,600000,1,461,38,5,58,1.37,713023
MICE,ANTIIMP,500,600000,465,5,30,58,4,1.37,1120324
ANTIIMP,MICE2,500,600000,4,429,67,8,61,2.42,1191029
MICE2,ANTIIMP,500,600000,434,2,64,61,8,2.42,801264
ANTIIMP,PRB001,500,600000,3,496,1,0,62,0.89,834330
PRB001,ANTIIMP,500,600000,498,0,2,63,0,0.89,414418
ANTIIMP,PRB002,500,600000,27,222,251,1,1,2.23,689681
PRB002,ANTIIMP,500,600000,215,23,262,1,1,2.23,854672
ANTIIMP,PRB003,500,600000,4,496,0,0,40,0.25,220135
PRB003,ANTIIMP,500,600000,497,3,0,42,0,0.25,900695
ANTIIMP,PRB004,500,600000,5,493,2,0,49,0.58,1280839
PRB004,ANTIIMP,500,600000,491,6,3,50,1,0.58,1292438
ANTIIMP,PRB005,500,600000,8,489,3,1,59,0.79,1342428
PRB005,ANTIIMP,500,600000,488,6,6,60,1,0.79,1302728
ANTIIMP,PRB006,500,600000,3,367,130,16,59,4.06,879168
PRB006,ANTIIMP,500,600000,378,3,119,59,15,4.06,286545
ANTIIMP,PRB007,500,600000,8,442,50,3,58,2.26,1126754
PRB007,ANTIIMP,500,600000,420,6,74,57,4,2.26,815026
ANTIIMP,PRB008,500,600000,3,0,497,1,3,6.64,878559
PRB008,ANTIIMP,500,600000,0,3,497,3,1,6.64,494084
ANTIIMP,PRB009,500,600000,6,95,399,1,10,6.13,146534
PRB009,ANTIIMP,500,600000,68,2,430,10,1,6.13,518760
ANTIIMP,PRB010,500,600000,0,499,1,0,1,1.03,970634
PRB010,ANTIIMP,500,600000,500,0,0,1,0,1.03,1028341
ANTIIMP,PRB011,500,600000,11,464,25,3,54,1.35,1029874
PRB011,ANTIIMP,500,600000,460,11,29,53,4,1.35,1056514
ANTIIMP,ROHAMO,500,600000,0,0,500,1,1,5.55,1284597
ROHAMO,ANTIIMP,500,600000,0,0,500,1,1,5.55,181297
ANTIIMP,TORPE,500,600000,0,121,379,1,1,4.67,1104968
TORPE,ANTIIMP,500,600000,84,1,415,1,1,4.67,2018
ANTIIMP,VIKTOR01,500,600000,0,0,500,1,38,7.25,1362719
VIKTOR01,ANTIIMP,500,600000,2,33,465,38,1,7.25,351856
ANTIIMP,VIKTOR02,500,600000,1,258,241,1,54,4.96,872782
VIKTOR02,ANTIIMP,500,600000,260,6,234,53,1,4.96,766921
ANTIIMP,VIKTOR03,500,600000,2,171,327,1,58,5.71,798297
VIKTOR03,ANTIIMP,500,600000,174,0,326,58,1,5.71,1525391
ANTIIMP,VIKTOR04,500,600000,9,422,69,0,2,0.37,1472715
VIKTOR04,ANTIIMP,500,600000,381,6,113,2,0,0.37,1150672
ANTIIMP,VIKTOR05,500,600000,61,173,266,1,1,0.31,768644
VIKTOR05,ANTIIMP,500,600000,152,74,274,1,1,0.31,442160
ANTIIMP,Y,500,600000,0,500,0,0,1,2.59,1342905
Y,ANTIIMP,500,600000,499,0,1,1,0,2.59,291928
ARTUR-1,ARTUR-2,500,600000,6,198,296,23,53,7.56,1139104
ARTUR-2,ARTUR-1,500,600000,216,9,275,51,20,7.56,301972
ARTUR-1,ARTUR-3,500,600000,7,77,416,41,60,8.76,325268
ARTUR-3,ARTUR-1,500,600000,93,7,400,60,40,8.76,126163
ARTUR-1,CHANG,500,600000,0,1,499,45,63,7.12,1215047
CHANG,ARTUR-1,500,600000,1,0,499,64,45,7.12,1257248
ARTUR-1,CHANG2,500,600000,0,0,500,56,62,6.26,1374420
CHANG2,ARTUR-1,500,600000,1,0,499,63,57,6.26,364147
ARTUR-1,CREEPER,500,600000,353,57,90,11,2,1.58,1354275
CREEPER,ARTUR-1,500,600000,45,333,122,2,13,1.58,1156405
ARTUR-1,GABOR1,500,600000,39,24,437,9,2,0.80,693904
GABOR1,ARTUR-1,500,600000,14,43,443,2,9,0.80,1224070
ARTUR-1,HARVKILL,500,600000,32,146,322,39,54,7.58,792252
HARVKILL,ARTUR-1,500,600000,149,24,327,55,41,7.58,899300
ARTUR-1,IMP,500,600000,34,0,466,10,1,0.19,782553
IMP,ARTUR-1,500,600000,0,37,463,1,10,0.19,153396
ARTUR-1,KILLER,500,600000,9,49,442,56,60,10.37,731811
KILLER,ARTUR-1,500,600000,47,6,447,61,57,10.37,933170
ARTUR-1,KILLER01,500,600000,0,500,0,0,2,0.14,1038299
KILLER01,ARTUR-1,500,600000,500,0,0,2,0,0.14,306634
ARTUR-1,KILLER02,500,600000,0,499,1,0,8,0.15,1251453
KILLER02,ARTUR-1,500,600000,500,0,0,8,0,0.15,207650
ARTUR-1,KILLER03,500,600000,3,496,1,0,1,0.11,48787
KILLER03,ARTUR-1,500,600000,500,0,0,1,0,0.11,1060083
ARTUR-1,KILLER2,500,600000,13,217,270,34,59,5.90,13274
KILLER2,ARTUR-1,500,600000,229,13,258,60,31,5.90,608259
ARTUR-1,MICE,500,600000,16,336,148,19,60,4.20,239436
MICE,ARTUR-1,500,600000,340,16,144,60,20,4.20,163236
ARTUR-1,MICE2,500,600000,26,204,270,36,58,6.07,1441750
MICE2,ARTUR-1,500,600000,216,17,267,60,35,6.07,1547360
ARTUR-1,PRB001,500,600000,3,448,49,2,61,1.52,1519270
PRB001,ARTUR-1,500,600000,431,2,67,61,3,1.52,943037
ARTUR-1,PRB002,500,600000,18,9,473,11,2,0.50,112440
PRB002,ARTUR-1,500,600000,12,24,464,2,11,0.50,787661
ARTUR-1,PRB003,500,600000,12,484,4,1,42,0.43,1307900
PRB003,ARTUR-1,500,600000,492,7,1,42,0,0.43,471973
ARTUR-1,PRB004,500,600000,29,453,18,4,56,2.24,469227
PRB004,ARTUR-1,500,600000,459,26,15,56,3,2.24,847814
ARTUR-1,PRB005,500,600000,51,413,36,8,53,2.13,901577
PRB005,ARTUR-1,500,600000,413,42,45,56,10,2.13,1149045
ARTUR-1,PRB006,500,600000,14,48,438,56,59,9.57,515201
PRB006,ARTUR-1,500,600000,60,20,420,59,55,9.57,1186236
ARTUR-1,PRB007,500,600000,46,171,283,27,47,7.24,399566
PRB007,ARTUR-1,500,600000,167,32,301,49,29,7.24,1203102
ARTUR-1,PRB008,500,600000,477,0,23,9,0,3.00,1335971
PRB008,ARTUR-1,500,600000,0,468,32,0,10,3.00,561439
ARTUR-1,PRB009,500,600000,4,53,443,8,11,6.76,1115459
PRB009,ARTUR-1,500,600000,57,3,440,11,8,6.76,370262
ARTUR-1,PRB010,500,600000,1,499,0,0,4,1.08,1007749
PRB010,ARTUR-1,500,600000,500,0,0,4,0,1.08,1071535
ARTUR-1,PRB011,500,600000,59,323,118,18,49,4.51,271135
PRB011,ARTUR-1,500,600000,326,49,125,50,18,4.51,27179
ARTUR-1,ROHAMO,500,600000,65,1,434,59,1,4.95,638517
ROHAMO,ARTUR-1,500,600000,0,68,432,1,60,4.95,1430301
ARTUR-1,TORPE,500,600000,72,4,424,8,1,5.30,1340089
TORPE,ARTUR-1,500,600000,2,97,401,1,8,5.30,1365198
ARTUR-1,VIKTOR01,500,600000,3,1,496,48,57,5.50,1474702
VIKTOR01,ARTUR-1,500,600000,4,0,496,56,46,5.50,1499629
ARTUR-1,VIKTOR02,500,600000,33,29,438,52,51,6.32,1323113
VIKTOR02,ARTUR-1,500,600000,38,34,428,50,49,6.32,748244
ARTUR-1,VIKTOR03,500,600000,5,125,370,37,57,6.14,401620
VIKTOR03,ARTUR-1,500,600000,140,2,358,58,37,6.14,149371
ARTUR-1,VIKTOR04,500,600000,184,18,298,20,8,3.11,225873
VIKTOR04,ARTUR-1,500,600000,23,186,291,8,20,3.11,204172
ARTUR-1,VIKTOR05,500,600000,9,7,484,11,2,0.50,555699
VIKTOR05,ARTUR-1,500,600000,9,11,480,2,11,0.50,595501
ARTUR-1,Y,500,600000,0,499,1,0,1,2.52,1020334
Y,ARTUR-1,500,600000,500,0,0,1,0,2.52,749038
ARTUR-2,ARTUR-3,500,600000,74,30,396,52,43,9.20,786233
ARTUR-3,ARTUR-2,500,600000,26,86,388,41,49,9.20,1478511
ARTUR-2,CHANG,500,600000,32,2,466,60,39,9.52,578201
CHANG,ARTUR-2,500,600000,0,34,466,37,60,9.52,1009459
ARTUR-2,CHANG2,500,600000,26,2,472,61,41,8.46,1080786
CHANG2,ARTUR-2,500,600000,1,30,469,40,61,8.46,737558
ARTUR-2,CREEPER,500,600000,481,4,15,48,1,0.62,570646
CREEPER,ARTUR-2,500,600000,6,474,20,1,48,0.62,1024557
ARTUR-2,GABOR1,500,600000,117,9,374,50,11,2.60,982545
GABOR1,ARTUR-2,500,600000,10,125,365,11,51,2.60,915063
ARTUR-2,HARVKILL,500,600000,34,64,402,50,53,9.40,1531423
HARVKILL,ARTUR-2,500,600000,58,27,415,54,51,9.40,973016
ARTUR-2,IMP,500,600000,66,3,431,47,9,1.34,387648
IMP,ARTUR-2,500,600000,1,67,432,9,46,1.34,80472
ARTUR-2,KILLER,500,600000,12,28,460,58,59,10.72,107571
KILLER,ARTUR-2,500,600000,30,16,454,59,58,10.72,460856
ARTUR-2,KILLER01,500,600000,331,132,37,28,3,1.39,914243
KILLER01,ARTUR-2,500,600000,150,309,41,4,29,1.39,555080
ARTUR-2,KILLER02,500,600000,315,120,65,25,6,2.33,252579
KILLER02,ARTUR-2,500,600000,113,302,85,6,28,2.33,1568107
ARTUR-2,KILLER03,500,600000,184,11,305,41,8,1.87,1087993
KILLER03,ARTUR-2,500,600000,11,206,283,7,43,1.87,1192252
ARTUR-2,KILLER2,500,600000,39,92,369,46,55,7.11,1275574
KILLER2,ARTUR-2,500,600000,101,14,385,58,47,7.11,1184711
ARTUR-2,MICE,500,600000,35,116,349,45,56,8.42,457906
MICE,ARTUR-2,500,600000,97,31,372,57,47,8.42,289428
ARTUR-2,MICE2,500,600000,33,65,402,53,57,8.95,69090
MICE2,ARTUR-2,500,600000,55,32,413,57,54,8.95,378156
ARTUR-2,PRB001,500,600000,56,3,441,60,34,7.82,316890
PRB001,ARTUR-2,500,600000,3,57,440,32,60,7.82,677292
ARTUR-2,PRB002,500,600000,104,4,392,55,12,2.31,92083
PRB002,ARTUR-2,500,600000,4,106,390,12,51,2.31,292914
ARTUR-2,PRB003,500,600000,286,94,120,37,16,3.72,1177807
PRB003,ARTUR-2,500,600000,92,284,124,17,37,3.72,695089
ARTUR-2,PRB004,500,600000,71,257,172,23,45,6.36,1422998
PRB004,ARTUR-2,500,600000,257,69,174,46,23,6.36,430948
ARTUR-2,PRB005,500,600000,102,160,238,30,41,6.81,419989
PRB005,ARTUR-2,500,600000,180,68,252,44,31,6.81,1412948
ARTUR-2,PRB006,500,600000,16,22,462,59,59,10.14,1217403
PRB006,ARTUR-2,500,600000,25,19,456,59,58,10.14,282534
ARTUR-2,PRB007,500,600000,44,68,388,44,48,8.78,272797
PRB007,ARTUR-2,500,600000,76,45,379,49,42,8.78,935199
ARTUR-2,PRB008,500,600000,375,26,99,38,7,2.65,258733
PRB008,ARTUR-2,500,600000,17,358,125,7,39,2.65,1165442
ARTUR-2,PRB009,500,600000,71,35,394,41,17,7.20,216884
PRB009,ARTUR-2,500,600000,26,58,416,19,41,7.20,1528834
ARTUR-2,PRB010,500,600000,107,343,50,14,7,1.64,827452
PRB010,ARTUR-2,500,600000,364,93,43,8,12,1.64,876978
ARTUR-2,PRB011,500,600000,73,188,239,30,44,7.33,298105
PRB011,ARTUR-2,500,600000,178,66,256,46,30,7.33,18217
ARTUR-2,ROHAMO,500,600000,447,2,51,58,2,2.72,1076809
ROHAMO,ARTUR-2,500,600000,3,426,71,3,59,2.72,1154925
ARTUR-2,TORPE,500,600000,269,62,169,17,1,2.96,600998
TORPE,ARTUR-2,500,600000,64,258,178,1,18,2.96,810388
ARTUR-2,VIKTOR01,500,600000,28,2,470,60,35,7.14,297356
VIKTOR01,ARTUR-2,500,600000,1,25,474,36,60,7.14,304827
ARTUR-2,VIKTOR02,500,600000,237,10,253,54,21,7.35,201830
VIKTOR02,ARTUR-2,500,600000,4,241,255,20,53,7.35,734006
ARTUR-2,VIKTOR03,500,600000,287,9,204,50,15,5.63,969626
VIKTOR03,ARTUR-2,500,600000,13,296,191,15,52,5.63,10045
ARTUR-2,VIKTOR04,500,600000,453,1,46,59,2,1.56,1495484
VIKTOR04,ARTUR-2,500,600000,0,451,49,3,58,1.56,663313
ARTUR-2,VIKTOR05,500,600000,102,2,396,53,12,2.16,636104
VIKTOR05,ARTUR-2,500,600000,8,106,386,12,52,2.16,492508
ARTUR-2,Y,500,600000,50,421,29,7,2,3.02,1106184
Y,ARTUR-2,500,600000,429,45,26,2,6,3.02,396966
ARTUR-3,CHANG,500,600000,42,0,458,61,44,9.30,866115
CHANG,ARTUR-3,500,600000,1,37,462,43,61,9.30,1440862
ARTUR-3,CHANG2,500,600000,68,1,431,62,39,8.44,813840
CHANG2,ARTUR-3,500,600000,1,70,429,39,62,8.44,509166
ARTUR-3,CREEPER,500,600000,477,3,20,27,2,0.59,1567621
CREEPER,ARTUR-3,500,600000,1,484,15,1,28,0.59,16585
ARTUR-3,GABOR1,500,600000,180,45,275,38,8,1.82,1337755
GABOR1,ARTUR-3,500,600000,46,216,238,7,35,1.82,343941
ARTUR-3,HARVKILL,500,600000,33,140,327,40,51,8.10,62729
HARVKILL,ARTUR-3,500,600000,132,29,339,54,42,8.10,1500433
ARTUR-3,IMP,500,600000,146,1,353,38,4,1.10,544941
IMP,ARTUR-3,500,600000,1,146,353,4,35,1.10,844933
ARTUR-3,KILLER,500,600000,11,41,448,57,60,10.85,587751
KILLER,ARTUR-3,500,600000,40,9,451,60,57,10.85,702945
ARTUR-3,KILLER01,500,600000,422,61,17,39,1,1.76,387171
KILLER01,ARTUR-3,500,600000,58,424,18,2,39,1.76,374588
ARTUR-3,KILLER02,500,600000,364,103,33,38,4,1.54,393734
KILLER02,ARTUR-3,500,600000,73,391,36,4,42,1.54,1427493
ARTUR-3,KILLER03,500,600000,200,26,274,46,3,1.27,87850
KILLER03,ARTUR-3,500,600000,37,193,270,6,44,1.27,377155
ARTUR-3,KILLER2,500,600000,15,160,325,40,59,7.09,1223076
KILLER2,ARTUR-3,500,600000,128,26,346,58,44,7.09,1351389
ARTUR-3,MICE,500,600000,20,192,288,37,58,7.41,1047519
MICE,ARTUR-3,500,600000,179,34,287,56,38,7.41,231042
ARTUR-3,MICE2,500,600000,27,109,364,48,58,7.94,1077784
MICE2,ARTUR-3,500,600000,123,31,346,57,46,7.94,167825
ARTUR-3,PRB001,500,600000,54,8,438,61,36,8.22,1054880
PRB001,ARTUR-3,500,600000,5,51,444,34,60,8.22,1225088
ARTUR-3,PRB002,500,600000,163,0,337,47,5,1.49,1535740
PRB002,ARTUR-3,500,600000,8,154,338,6,45,1.49,1031203
ARTUR-3,PRB003,500,600000,217,196,87,28,24,2.87,1537835
PRB003,ARTUR-3,500,600000,149,289,62,18,32,2.87,828500
ARTUR-3,PRB004,500,600000,56,369,75,12,48,3.99,1426200
PRB004,ARTUR-3,500,600000,392,56,52,49,10,3.99,977905
ARTUR-3,PRB005,500,600000,103,278,119,22,44,4.93,931370
PRB005,ARTUR-3,500,600000,281,92,127,47,22,4.93,100290
ARTUR-3,PRB006,500,600000,16,31,453,57,59,10.66,682535
PRB006,ARTUR-3,500,600000,42,18,440,58,57,10.66,1387822
ARTUR-3,PRB007,500,600000,38,113,349,38,48,8.20,801581
PRB007,ARTUR-3,500,600000,107,42,351,48,38,8.20,13379
ARTUR-3,PRB008,500,600000,255,7,238,41,22,5.10,865693
PRB008,ARTUR-3,500,600000,8,250,242,20,42,5.10,931939
ARTUR-3,PRB009,500,600000,58,22,420,36,14,8.06,495968
PRB009,ARTUR-3,500,600000,31,46,423,15,36,8.06,912479
ARTUR-3,PRB010,500,600000,91,202,207,14,27,3.54,1148899
PRB010,ARTUR-3,500,600000,201,97,202,28,12,3.54,1227762
ARTUR-3,PRB011,500,600000,52,325,123,17,48,5.15,125861
PRB011,ARTUR-3,500,600000,269,74,157,46,22,5.15,432811
ARTUR-3,ROHAMO,500,600000,257,0,243,58,4,4.92,84358
ROHAMO,ARTUR-3,500,600000,0,273,227,5,58,4.92,1155548
ARTUR-3,TORPE,500,600000,329,6,165,19,1,3.44,544188
TORPE,ARTUR-3,500,600000,10,313,177,1,19,3.44,302100
ARTUR-3,VIKTOR01,500,600000,14,2,484,60,42,7.04,206563
VIKTOR01,ARTUR-3,500,600000,4,17,479,45,60,7.04,1013295
ARTUR-3,VIKTOR02,500,600000,159,8,333,59,32,8.86,500294
VIKTOR02,ARTUR-3,500,600000,7,167,326,30,58,8.86,887899
ARTUR-3,VIKTOR03,500,600000,193,22,285,54,25,8.35,429595
VIKTOR03,ARTUR-3,500,600000,21,169,310,27,54,8.35,419294
ARTUR-3,VIKTOR04,500,600000,447,4,49,45,3,1.28,708694
VIKTOR04,ARTUR-3,500,600000,4,452,44,2,44,1.28,1323334
ARTUR-3,VIKTOR05,500,600000,159,5,336,44,5,1.48,1461119
VIKTOR05,ARTUR-3,500,600000,6,159,335,6,43,1.48,7152
ARTUR-3,Y,500,600000,80,404,16,8,2,3.02,1353003
Y,ARTUR-3,500,600000,398,80,22,2,9,3.02,320244
CHANG,CHANG2,500,600000,0,0,500,64,64,7.73,1228578
CHANG2,CHANG,500,600000,0,0,500,63,64,7.73,775398
CHANG,CREEPER,500,600000,322,1,177,60,0,0.47,689145
CREEPER,CHANG,500,600000,0,324,176,0,58,0.47,1034398
CHANG,GABOR1,500,600000,2,0,498,45,1,1.21,1273830
GABOR1,CHANG,500,600000,0,3,497,1,46,1.21,949522
CHANG,HARVKILL,500,600000,1,14,485,52,63,7.84,100677
HARVKILL,CHANG,500,600000,10,1,489,62,52,7.84,502778
CHANG,IMP,500,600000,5,0,495,62,1,0.49,733162
IMP,CHANG,500,600000,0,0,500,1,61,0.49,460314
CHANG,KILLER,500,600000,0,2,498,61,64,7.23,1460893
KILLER,CHANG,500,600000,3,0,497,64,60,7.23,37863
CHANG,KILLER01,500,600000,0,343,157,1,2,0.39,1426441
KILLER01,CHANG,500,600000,319,0,181,2,1,0.39,1519874
CHANG,KILLER02,500,600000,197,74,229,5,5,0.91,937596
KILLER02,CHANG,500,600000,60,210,230,5,4,0.91,203169
CHANG,KILLER03,500,600000,31,43,426,14,1,0.59,803648
KILLER03,CHANG,500,600000,36,20,444,1,13,0.59,259283
CHANG,KILLER2,500,600000,3,24,473,54,62,8.66,1424857
KILLER2,CHANG,500,600000,24,8,468,62,54,8.66,577474
CHANG,MICE,500,600000,6,30,464,53,63,8.67,498942
MICE,CHANG,500,600000,15,6,479,62,54,8.67,935171
CHANG,MICE2,500,600000,1,37,462,53,63,8.88,34496
MICE2,CHANG,500,600000,34,0,466,63,54,8.88,339826
CHANG,PRB001,500,600000,0,0,500,36,56,6.55,839444
PRB001,CHANG,500,600000,0,0,500,56,36,6.55,1496779
CHANG,PRB002,500,600000,2,1,497,62,2,0.84,122899
PRB002,CHANG,500,600000,0,3,497,2,62,0.84,898124
CHANG,PRB003,500,600000,33,200,267,4,41,1.41,410943
PRB003,CHANG,500,600000,220,32,248,42,3,1.41,520027
CHANG,PRB004,500,600000,2,37,461,18,63,6.08,1398219
PRB004,CHANG,500,600000,38,3,459,63,17,6.08,1112358
CHANG,PRB005,500,600000,14,44,442,35,59,4.31,729191
PRB005,CHANG,500,600000,41,3,456,60,35,4.31,603091
CHANG,PRB006,500,600000,1,3,496,59,63,7.19,826141
PRB006,CHANG,500,600000,3,0,497,64,61,7.19,585494
CHANG,PRB007,500,600000,10,113,377,26,53,6.65,388571
PRB007,CHANG,500,600000,135,5,360,54,25,6.65,624474
CHANG,PRB008,500,600000,14,16,470,49,9,7.88,536157
PRB008,CHANG,500,600000,13,15,472,10,50,7.88,1546613
CHANG,PRB009,500,600000,11,52,437,30,18,7.50,1158742
PRB009,CHANG,500,600000,55,8,437,18,29,7.50,1188157
CHANG,PRB010,500,600000,9,434,57,8,9,1.42,471151
PRB010,CHANG,500,600000,426,16,58,9,8,1.42,271969
CHANG,PRB011,500,600000,0,13,487,35,62,6.81,830335
PRB011,CHANG,500,600000,15,2,483,62,36,6.81,442274
CHANG,ROHAMO,500,600000,0,0,500,64,1,6.47,993376
ROHAMO,CHANG,500,600000,0,0,500,1,64,6.47,412142
CHANG,TORPE,500,600000,0,0,500,64,1,5.25,428488
TORPE,CHANG,500,600000,0,0,500,1,64,5.25,1203134
CHANG,VIKTOR01,500,600000,3,0,497,63,55,7.71,1254869
VIKTOR01,CHANG,500,600000,0,5,495,54,62,7.71,38287
CHANG,VIKTOR02,500,600000,36,4,460,57,43,7.76,501075
VIKTOR02,CHANG,500,600000,4,30,466,44,57,7.76,1263834
CHANG,VIKTOR03,500,600000,20,36,444,42,39,6.66,808530
VIKTOR03,CHANG,500,600000,32,28,440,39,40,6.66,1471144
CHANG,VIKTOR04,500,600000,4,0,496,60,2,0.95,1419679
VIKTOR04,CHANG,500,600000,0,3,497,3,59,0.95,916946
CHANG,VIKTOR05,500,600000,2,0,498,62,2,1.01,686542
VIKTOR05,CHANG,500,600000,0,2,498,2,62,1.01,105603
CHANG,Y,500,600000,5,382,113,10,1,3.27,1201319
Y,CHANG,500,600000,382,1,117,1,10,3.27,405420
CHANG2,CREEPER,500,600000,241,0,259,58,1,0.43,897514
CREEPER,CHANG2,500,600000,0,271,229,0,60,0.43,694301
CHANG2,GABOR1,500,600000,1,0,499,40,1,0.56,1486157
GABOR1,CHANG2,500,600000,0,0,500,1,40,0.56,44335
CHANG2,HARVKILL,500,600000,1,5,494,55,63,8.40,128279
HARVKILL,CHANG2,500,600000,5,0,495,63,55,8.40,1260443
CHANG2,IMP,500,600000,0,0,500,53,1,0.20,245091
IMP,CHANG2,500,600000,0,0,500,1,51,0.20,679648
CHANG2,KILLER,500,600000,0,0,500,62,64,7.04,507283
KILLER,CHANG2,500,600000,0,0,500,64,61,7.04,1356483
CHANG2,KILLER01,500,600000,0,158,342,2,2,0.49,1066268
KILLER01,CHANG2,500,600000,192,0,308,2,1,0.49,900
CHANG2,KILLER02,500,600000,203,39,258,5,5,0.88,1428792
KILLER02,CHANG2,500,600000,45,238,217,4,5,0.88,1200662
CHANG2,KILLER03,500,600000,13,3,484,14,1,0.62,560168
KILLER03,CHANG2,500,600000,1,5,494,1,13,0.62,1074244
CHANG2,KILLER2,500,600000,4,14,482,57,62,8.64,838240
KILLER2,CHANG2,500,600000,15,2,483,62,56,8.64,824683
CHANG2,MICE,500,600000,1,12,487,57,63,9.12,917691
MICE,CHANG2,500,600000,6,3,491,63,58,9.12,672252
CHANG2,MICE2,500,600000,0,15,485,59,63,10.10,891522
MICE2,CHANG2,500,600000,16,2,482,63,58,10.10,1430721
CHANG2,PRB001,500,600000,1,0,499,42,56,6.71,1331076
PRB001,CHANG2,500,600000,0,0,500,56,41,6.71,738848
CHANG2,PRB002,500,600000,1,0,499,57,2,0.43,1534225
PRB002,CHANG2,500,600000,0,0,500,2,57,0.43,961234
CHANG2,PRB003,500,600000,27,87,386,2,45,1.43,1388506
PRB003,CHANG2,500,600000,83,12,405,47,2,1.43,129687
CHANG2,PRB004,500,600000,1,20,479,20,62,6.27,1023239
PRB004,CHANG2,500,600000,35,0,465,63,19,6.27,1172863
CHANG2,PRB005,500,600000,4,11,485,36,61,4.12,1570295
PRB005,CHANG2,500,600000,13,0,487,62,37,4.12,17881
CHANG2,PRB006,500,600000,1,1,498,61,64,6.69,1180501
PRB006,CHANG2,500,600000,1,0,499,63,62,6.69,626164
CHANG2,PRB007,500,600000,11,59,430,28,55,6.71,672534
PRB007,CHANG2,500,600000,47,7,446,55,28,6.71,1421137
CHANG2,PRB008,500,600000,16,64,420,35,7,7.27,887296
PRB008,CHANG2,500,600000,54,16,430,7,38,7.27,1568871
CHANG2,PRB009,500,600000,10,122,368,15,28,5.72,206949
PRB009,CHANG2,500,600000,133,14,353,28,15,5.72,1481221
CHANG2,PRB010,500,600000,0,447,53,3,7,0.96,535003
PRB010,CHANG2,500,600000,460,0,40,7,2,0.96,1480113
CHANG2,PRB011,500,600000,1,2,497,38,63,6.91,1237356
PRB011,CHANG2,500,600000,5,1,494,62,37,6.91,1290049
CHANG2,ROHAMO,500,600000,0,0,500,64,1,6.44,1493102
ROHAMO,CHANG2,500,600000,0,0,500,1,64,6.44,1569107
CHANG2,TORPE,500,600000,0,0,500,64,1,5.17,1303953
TORPE,CHANG2,500,600000,0,1,499,1,64,5.17,1250870
CHANG2,VIKTOR01,500,600000,1,0,499,61,53,6.42,444353
VIKTOR01,CHANG2,500,600000,0,0,500,57,62,6.42,914050
CHANG2,VIKTOR02,500,600000,1,0,499,62,57,7.84,716401
VIKTOR02,CHANG2,500,600000,0,0,500,56,61,7.84,1011332
CHANG2,VIKTOR03,500,600000,1,13,486,44,49,6.62,902641
VIKTOR03,CHANG2,500,600000,12,2,486,51,46,6.62,1138120
CHANG2,VIKTOR04,500,600000,2,2,496,61,2,0.83,616552
VIKTOR04,CHANG2,500,600000,0,4,496,2,59,0.83,311422
CHANG2,VIKTOR05,500,600000,0,0,500,57,2,0.43,1410433
VIKTOR05,CHANG2,500,600000,0,0,500,2,57,0.43,1536013
CHANG2,Y,500,600000,1,473,26,1,1,2.89,951219
Y,CHANG2,500,600000,475,1,24,1,1,2.89,1239976
CREEPER,GABOR1,500,600000,8,460,32,0,4,0.18,963280
GABOR1,CREEPER,500,600000,423,29,48,5,0,0.18,230929
CREEPER,HARVKILL,500,600000,6,441,53,6,41,1.24,1231781
HARVKILL,CREEPER,500,600000,454,5,41,38,5,1.24,258239
CREEPER,IMP,500,600000,187,71,242,1,1,1.33,451157
IMP,CREEPER,500,600000,57,166,277,1,1,1.33,338706
CREEPER,KILLER,500,600000,0,452,48,6,47,1.35,30125
KILLER,CREEPER,500,600000,440,1,59,43,8,1.35,758374
CREEPER,KILLER01,500,600000,82,401,17,0,2,0.31,116916
KILLER01,CREEPER,500,600000,415,72,13,2,0,0.31,594016
CREEPER,KILLER02,500,600000,12,478,10,0,8,0.12,46242
KILLER02,CREEPER,500,600000,489,11,0,8,0,0.12,601023
CREEPER,KILLER03,500,600000,56,438,6,0,1,0.10,900009
KILLER03,CREEPER,500,600000,415,70,15,1,0,0.10,212820
CREEPER,KILLER2,500,600000,2,479,19,2,39,0.63,946252
KILLER2,CREEPER,500,600000,465,0,35,39,4,0.63,174748
CREEPER,MICE,500,600000,3,488,9,1,31,0.31,735457
MICE,CREEPER,500,600000,492,0,8,34,1,0.31,474305
CREEPER,MICE2,500,600000,2,480,18,2,38,0.50,1120323
MICE2,CREEPER,500,600000,482,2,16,37,2,0.50,125706
CREEPER,PRB001,500,600000,3,369,128,0,58,0.31,1057324
PRB001,CREEPER,500,600000,390,0,110,58,0,0.31,216363
CREEPER,PRB002,500,600000,50,132,318,1,1,1.96,1205188
PRB002,CREEPER,500,600000,84,29,387,2,1,1.96,896351
CREEPER,PRB003,500,600000,2,489,9,0,34,0.25,557752
PRB003,CREEPER,500,600000,489,4,7,34,1,0.25,72768
CREEPER,PRB004,500,600000,4,492,4,1,29,0.33,1105704
PRB004,CREEPER,500,600000,494,5,1,28,0,0.33,847442
CREEPER,PRB005,500,600000,3,493,4,1,43,0.35,1463227
PRB005,CREEPER,500,600000,484,8,8,43,1,0.35,521275
CREEPER,PRB006,500,600000,3,416,81,10,39,1.76,745244
PRB006,CREEPER,500,600000,425,4,71,38,9,1.76,929548
CREEPER,PRB007,500,600000,1,451,48,4,39,0.92,1170758
PRB007,CREEPER,500,600000,454,2,44,39,4,0.92,1314254
CREEPER,PRB008,500,600000,391,108,1,1,0,0.24,131170
PRB008,CREEPER,500,600000,145,355,0,0,1,0.24,917418
CREEPER,PRB009,500,600000,48,420,32,1,9,0.50,1504168
PRB009,CREEPER,500,600000,422,46,32,8,0,0.50,886094
CREEPER,PRB010,500,600000,271,160,69,1,0,0.93,482771
PRB010,CREEPER,500,600000,174,265,61,0,1,0.93,209329
CREEPER,PRB011,500,600000,7,489,4,1,35,0.52,940012
PRB011,CREEPER,500,600000,487,3,10,35,1,0.52,733170
CREEPER,ROHAMO,500,600000,500,0,0,1,0,0.19,867497
ROHAMO,CREEPER,500,600000,0,499,1,0,1,0.19,453694
CREEPER,TORPE,500,600000,194,193,113,1,1,1.68,1216661
TORPE,CREEPER,500,600000,199,187,114,1,1,1.68,519538
CREEPER,VIKTOR01,500,600000,2,98,400,1,19,0.49,808957
VIKTOR01,CREEPER,500,600000,85,2,413,19,1,0.49,876096
CREEPER,VIKTOR02,500,600000,38,418,44,3,26,0.91,265161
VIKTOR02,CREEPER,500,600000,414,38,48,26,2,0.91,522178
CREEPER,VIKTOR03,500,600000,39,434,27,1,15,0.61,1098883
VIKTOR03,CREEPER,500,600000,421,43,36,16,1,0.61,1229208
CREEPER,VIKTOR04,500,600000,160,235,105,1,1,0.72,1301347
VIKTOR04,CREEPER,500,600000,377,58,65,1,0,0.72,180074
CREEPER,VIKTOR05,500,600000,1,52,447,1,1,0.95,855859
VIKTOR05,CREEPER,500,600000,121,2,377,1,1,0.95,392255
CREEPER,Y,500,600000,192,221,87,1,1,1.93,294435
Y,CREEPER,500,600000,251,200,49,1,0,1.93,1108805
GABOR1,HARVKILL,500,600000,2,49,449,36,63,4.18,1127367
HARVKILL,GABOR1,500,600000,59,5,436,62,35,4.18,656544
GABOR1,IMP,500,600000,205,0,295,4,1,0.23,1022386
IMP,GABOR1,500,600000,0,183,317,1,4,0.23,1120607
GABOR1,KILLER,500,600000,1,38,461,23,64,2.40,30449
KILLER,GABOR1,500,600000,33,0,467,64,22,2.40,558206
GABOR1,KILLER01,500,600000,208,154,138,2,1,0.20,901535
KILLER01,GABOR1,500,600000,133,198,169,1,2,0.20,1096691
GABOR1,KILLER02,500,600000,171,133,196,2,5,0.27,956659
KILLER02,GABOR1,500,600000,130,180,190,5,2,0.27,181112
GABOR1,KILLER03,500,600000,189,203,108,2,1,0.18,18802
KILLER03,GABOR1,500,600000,184,188,128,1,2,0.18,582063
GABOR1,KILLER2,500,600000,2,111,387,36,62,5.59,1204091
KILLER2,GABOR1,500,600000,103,2,395,62,37,5.59,411236
GABOR1,MICE,500,600000,11,144,345,28,59,4.29,137047
MICE,GABOR1,500,600000,174,8,318,59,25,4.29,1484300
GABOR1,MICE2,500,600000,3,140,357,29,63,4.97,1153058
MICE2,GABOR1,500,600000,138,2,360,63,31,4.97,149533
GABOR1,PRB001,500,600000,2,65,433,1,41,0.60,327791
PRB001,GABOR1,500,600000,49,2,449,42,1,0.60,1320798
GABOR1,PRB002,500,600000,141,28,331,3,1,0.46,1022415
PRB002,GABOR1,500,600000,21,148,331,1,3,0.46,1245353
GABOR1,PRB003,500,600000,20,354,126,1,30,0.38,1337476
PRB003,GABOR1,500,600000,365,25,110,30,1,0.38,686363
GABOR1,PRB004,500,600000,3,137,360,4,56,1.19,464584
PRB004,GABOR1,500,600000,137,9,354,56,5,1.19,1065882
GABOR1,PRB005,500,600000,6,60,434,7,62,1.11,156338
PRB005,GABOR1,500,600000,55,3,442,62,9,1.11,895527
GABOR1,PRB006,500,600000,3,33,464,28,63,2.91,973183
PRB006,GABOR1,500,600000,43,1,456,64,26,2.91,123596
GABOR1,PRB007,500,600000,4,238,258,11,57,2.67,856198
PRB007,GABOR1,500,600000,213,6,281,58,13,2.67,567640
GABOR1,PRB008,500,600000,277,165,58,4,4,1.04,155061
PRB008,GABOR1,500,600000,160,276,64,5,4,1.04,683435
GABOR1,PRB009,500,600000,11,370,119,1,14,1.17,1232860
PRB009,GABOR1,500,600000,352,23,125,15,1,1.17,836838
GABOR1,PRB010,500,600000,363,77,60,3,0,0.25,301633
PRB010,GABOR1,500,600000,79,360,61,0,3,0.25,79889
GABOR1,PRB011,500,600000,8,120,372,23,60,2.52,1153123
PRB011,GABOR1,500,600000,144,3,353,61,19,2.52,66680
GABOR1,ROHAMO,500,600000,260,0,240,3,0,2.08,915581
ROHAMO,GABOR1,500,600000,0,262,238,0,3,2.08,1331558
GABOR1,TORPE,500,600000,215,58,227,2,1,2.03,979337
TORPE,GABOR1,500,600000,56,214,230,1,2,2.03,76342
GABOR1,VIKTOR01,500,600000,6,1,493,1,9,0.58,1001247
VIKTOR01,GABOR1,500,600000,0,6,494,10,1,0.58,1359908
GABOR1,VIKTOR02,500,600000,30,0,470,1,19,0.73,134344
VIKTOR02,GABOR1,500,600000,2,20,478,19,2,0.73,1149802
GABOR1,VIKTOR03,500,600000,24,272,204,1,12,0.76,80152
VIKTOR03,GABOR1,500,600000,281,20,199,12,1,0.76,1418778
GABOR1,VIKTOR04,500,600000,243,7,250,5,2,0.54,61528
VIKTOR04,GABOR1,500,600000,23,262,215,2,5,0.54,1145256
GABOR1,VIKTOR05,500,600000,101,11,388,3,1,0.37,1416918
VIKTOR05,GABOR1,500,600000,8,116,376,1,3,0.37,1025132
GABOR1,Y,500,600000,238,261,1,2,1,1.36,1207751
Y,GABOR1,500,600000,238,261,1,0,2,1.36,1262668
HARVKILL,IMP,500,600000,31,0,469,63,20,2.44,1551905
IMP,HARVKILL,500,600000,1,34,465,26,63,2.44,151650
HARVKILL,KILLER,500,600000,23,24,453,58,58,10.14,192626
KILLER,HARVKILL,500,600000,30,25,445,57,57,10.14,803415
HARVKILL,KILLER01,500,600000,390,13,97,53,12,2.64,675308
KILLER01,HARVKILL,500,600000,11,399,90,11,52,2.64,1008381
HARVKILL,KILLER02,500,600000,331,14,155,55,20,4.02,74150
KILLER02,HARVKILL,500,600000,16,323,161,19,55,4.02,464947
HARVKILL,KILLER03,500,600000,308,16,176,52,13,2.26,341550
KILLER03,HARVKILL,500,600000,17,295,188,14,53,2.26,779182
HARVKILL,KILLER2,500,600000,32,44,424,54,56,8.78,675737
KILLER2,HARVKILL,500,600000,50,26,424,57,54,8.78,930310
HARVKILL,MICE,500,600000,39,61,400,52,55,9.15,783914
MICE,HARVKILL,500,600000,64,31,405,55,52,9.15,817938
HARVKILL,MICE2,500,600000,33,43,424,55,55,9.27,1325399
MICE2,HARVKILL,500,600000,38,31,431,57,56,9.27,1281819
HARVKILL,PRB001,500,600000,17,6,477,62,51,7.65,728281
PRB001,HARVKILL,500,600000,4,15,481,50,62,7.65,958218
HARVKILL,PRB002,500,600000,55,2,443,62,24,2.63,936332
PRB002,HARVKILL,500,600000,1,53,446,25,63,2.63,390432
HARVKILL,PRB003,500,600000,282,26,192,53,24,4.79,1010672
PRB003,HARVKILL,500,600000,28,267,205,26,53,4.79,1159470
HARVKILL,PRB004,500,600000,59,37,404,53,50,9.73,692325
PRB004,HARVKILL,500,600000,40,38,422,52,52,9.73,1457109
HARVKILL,PRB005,500,600000,103,88,309,43,42,7.95,517250
PRB005,HARVKILL,500,600000,90,125,285,40,44,7.95,430774
HARVKILL,PRB006,500,600000,31,21,448,57,57,10.55,48381
PRB006,HARVKILL,500,600000,25,35,440,55,57,10.55,1026697
HARVKILL,PRB007,500,600000,61,54,385,50,46,8.74,815793
PRB007,HARVKILL,500,600000,48,79,373,46,48,8.74,1402807
HARVKILL,PRB008,500,600000,339,21,140,50,16,3.36,237986
PRB008,HARVKILL,500,600000,5,350,145,16,53,3.36,1083914
HARVKILL,PRB009,500,600000,129,21,350,54,32,7.79,826549
PRB009,HARVKILL,500,600000,39,128,333,34,52,7.79,267434
HARVKILL,PRB010,500,600000,405,8,87,57,11,2.30,1439499
PRB010,HARVKILL,500,600000,6,387,107,13,57,2.30,714925
HARVKILL,PRB011,500,600000,50,45,405,52,51,9.55,45210
PRB011,HARVKILL,500,600000,42,49,409,51,53,9.55,191478
HARVKILL,ROHAMO,500,600000,418,7,75,57,9,2.03,1053209
ROHAMO,HARVKILL,500,600000,5,418,77,9,58,2.03,144014
HARVKILL,TORPE,500,600000,461,4,35,56,4,1.62,647991
TORPE,HARVKILL,500,600000,3,439,58,5,56,1.62,1241030
HARVKILL,VIKTOR01,500,600000,11,1,488,62,56,6.39,765465
VIKTOR01,HARVKILL,500,600000,5,4,491,57,62,6.39,571267
HARVKILL,VIKTOR02,500,600000,177,27,296,55,36,6.90,689475
VIKTOR02,HARVKILL,500,600000,26,166,308,38,56,6.90,1468655
HARVKILL,VIKTOR03,500,600000,289,19,192,56,23,5.25,853260
VIKTOR03,HARVKILL,500,600000,23,269,208,26,56,5.25,372566
HARVKILL,VIKTOR04,500,600000,428,3,69,47,8,1.49,353816
VIKTOR04,HARVKILL,500,600000,8,443,49,6,44,1.49,22156
HARVKILL,VIKTOR05,500,600000,42,1,457,62,24,2.71,650528
VIKTOR05,HARVKILL,500,600000,0,46,454,26,63,2.71,1036283
HARVKILL,Y,500,600000,270,149,81,38,10,3.17,699679
Y,HARVKILL,500,600000,150,257,93,10,39,3.17,714782
IMP,KILLER,500,600000,0,29,471,4,63,0.54,585589
KILLER,IMP,500,600000,40,0,460,63,2,0.54,154388
IMP,KILLER01,500,600000,0,148,352,1,2,0.26,641037
KILLER01,IMP,500,600000,153,0,347,2,1,0.26,932729
IMP,KILLER02,500,600000,0,137,363,1,8,0.28,199798
KILLER02,IMP,500,600000,147,0,353,8,1,0.28,414669
IMP,KILLER03,500,600000,0,146,354,1,1,0.30,1309142
KILLER03,IMP,500,600000,125,0,375,1,1,0.30,271447
IMP,KILLER2,500,600000,2,76,422,22,60,3.02,203210
KILLER2,IMP,500,600000,91,3,406,59,21,3.02,1291929
IMP,MICE,500,600000,6,89,405,21,58,3.46,1142748
MICE,IMP,500,600000,85,2,413,59,23,3.46,778429
IMP,MICE2,500,600000,2,132,366,14,60,2.98,411491
MICE2,IMP,500,600000,117,0,383,61,19,2.98,1366534
IMP,PRB001,500,600000,0,49,451,1,59,0.34,1228761
PRB001,IMP,500,600000,55,0,445,60,1,0.34,1299526
IMP,PRB002,500,600000,0,35,465,1,2,0.28,1102070
PRB002,IMP,500,600000,24,0,476,2,1,0.28,683847
IMP,PRB003,500,600000,0,323,177,0,37,0.26,260148
PRB003,IMP,500,600000,313,0,187,37,0,0.26,639387
IMP,PRB004,500,600000,0,87,413,1,58,0.51,1507440
PRB004,IMP,500,600000,86,0,414,57,1,0.51,505185
IMP,PRB005,500,600000,1,32,467,2,63,0.47,1099934
PRB005,IMP,500,600000,37,0,463,63,2,0.47,637426
IMP,PRB006,500,600000,0,38,462,3,63,0.50,851834
PRB006,IMP,500,600000,40,0,460,62,2,0.50,70039
IMP,PRB007,500,600000,0,223,277,2,58,0.44,393571
PRB007,IMP,500,600000,222,0,278,58,2,0.44,1434357
IMP,PRB008,500,600000,0,262,238,3,5,0.54,69490
PRB008,IMP,500,600000,310,0,190,5,3,0.54,1378673
IMP,PRB009,500,600000,0,262,238,6,37,1.29,1003192
PRB009,IMP,500,600000,225,0,275,38,7,1.29,699236
IMP,PRB010,500,600000,0,123,377,1,1,0.38,1452335
PRB010,IMP,500,600000,113,0,387,1,1,0.38,908767
IMP,PRB011,500,600000,1,78,421,19,60,2.05,215388
PRB011,IMP,500,600000,75,0,425,60,21,2.05,149900
IMP,ROHAMO,500,600000,0,0,500,1,1,2.59,804543
ROHAMO,IMP,500,600000,0,0,500,1,1,2.59,1262868
IMP,TORPE,500,600000,0,106,394,1,1,1.44,1160170
TORPE,IMP,500,600000,91,0,409,1,1,1.44,809102
IMP,VIKTOR01,500,600000,1,0,499,1,10,0.22,346496
VIKTOR01,IMP,500,600000,0,0,500,11,1,0.22,604480
IMP,VIKTOR02,500,600000,1,0,499,1,18,0.19,871991
VIKTOR02,IMP,500,600000,0,0,500,19,1,0.19,380051
IMP,VIKTOR03,500,600000,1,237,262,1,12,0.26,444354
VIKTOR03,IMP,500,600000,232,0,268,12,1,0.26,1496550
IMP,VIKTOR04,500,600000,1,0,499,1,2,0.22,1537778
VIKTOR04,IMP,500,600000,0,0,500,2,1,0.22,600168
IMP,VIKTOR05,500,600000,2,19,479,1,2,0.30,941779
VIKTOR05,IMP,500,600000,21,2,477,2,1,0.30,1344975
IMP,Y,500,600000,0,236,264,1,1,1.21,596552
Y,IMP,500,600000,205,1,294,1,1,1.21,893089
KILLER,KILLER01,500,600000,266,5,229,59,29,5.43,462800
KILLER01,KILLER,500,600000,6,271,223,28,59,5.43,1568940
KILLER,KILLER02,500,600000,192,8,300,60,38,6.96,1225869
KILLER02,KILLER,500,600000,8,191,301,38,60,6.96,1277089
KILLER,KILLER03,500,600000,252,2,246,58,12,2.09,1123030
KILLER03,KILLER,500,600000,3,286,211,11,57,2.09,1072855
KILLER,KILLER2,500,600000,16,28,456,58,59,9.78,97076
KILLER2,KILLER,500,600000,28,9,463,60,58,9.78,1411223
KILLER,MICE,500,600000,18,23,459,59,59,10.52,1315881
MICE,KILLER,500,600000,20,19,461,60,59,10.52,320350
KILLER,MICE2,500,600000,22,25,453,57,59,9.95,1410325
MICE2,KILLER,500,600000,36,18,446,59,57,9.95,1195713
KILLER,PRB001,500,600000,1,0,499,64,61,6.87,687934
PRB001,KILLER,500,600000,0,0,500,62,64,6.87,1101315
KILLER,PRB002,500,600000,43,0,457,64,9,1.13,795403
PRB002,KILLER,500,600000,0,37,463,9,64,1.13,1203541
KILLER,PRB003,500,600000,110,11,379,59,48,8.64,496784
PRB003,KILLER,500,600000,13,110,377,48,60,8.64,1143189
KILLER,PRB004,500,600000,13,17,470,60,60,10.71,162028
PRB004,KILLER,500,600000,10,27,463,59,60,10.71,102862
KILLER,PRB005,500,600000,31,30,439,57,58,10.52,155642
PRB005,KILLER,500,600000,34,33,433,57,57,10.52,222657
KILLER,PRB006,500,600000,12,15,473,59,60,10.71,897302
PRB006,KILLER,500,600000,8,16,476,60,61,10.71,1185460
KILLER,PRB007,500,600000,40,42,418,55,55,10.13,532502
PRB007,KILLER,500,600000,37,43,420,55,53,10.13,1406726
KILLER,PRB008,500,600000,168,12,320,57,41,7.69,481596
PRB008,KILLER,500,600000,15,165,320,41,57,7.69,1062758
KILLER,PRB009,500,600000,99,23,378,56,46,8.88,388269
PRB009,KILLER,500,600000,25,90,385,46,56,8.88,1244840
KILLER,PRB010,500,600000,214,106,180,48,23,4.07,225611
PRB010,KILLER,500,600000,106,194,200,25,46,4.07,135635
KILLER,PRB011,500,600000,24,21,455,58,58,10.42,440184
PRB011,KILLER,500,600000,21,26,453,58,58,10.42,777511
KILLER,ROHAMO,500,600000,343,1,156,61,19,3.95,395673
ROHAMO,KILLER,500,600000,2,348,150,19,60,3.95,1041061
KILLER,TORPE,500,600000,378,19,103,48,6,2.61,1289907
TORPE,KILLER,500,600000,15,400,85,5,50,2.61,1112438
KILLER,VIKTOR01,500,600000,12,0,488,63,56,4.73,804874
VIKTOR01,KILLER,500,600000,0,4,496,56,63,4.73,711400
KILLER,VIKTOR02,500,600000,39,14,447,60,57,10.40,595211
VIKTOR02,KILLER,500,600000,10,48,442,57,60,10.40,1415521
KILLER,VIKTOR03,500,600000,126,6,368,60,46,8.22,1055452
VIKTOR03,KILLER,500,600000,8,127,365,46,60,8.22,804154
KILLER,VIKTOR04,500,600000,369,3,128,54,16,3.18,537413
VIKTOR04,KILLER,500,600000,2,354,144,17,56,3.18,1304406
KILLER,VIKTOR05,500,600000,45,0,455,64,9,1.28,1370684
VIKTOR05,KILLER,500,600000,0,50,450,10,64,1.28,1496977
KILLER,Y,500,600000,225,21,254,59,32,6.06,1095720
Y,KILLER,500,600000,15,249,236,29,60,6.06,1330778
KILLER01,KILLER02,500,600000,357,143,0,1,2,0.14,43634
KILLER02,KILLER01,500,600000,149,349,2,2,1,0.14,36632
KILLER01,KILLER03,500,600000,249,251,0,1,1,0.08,599209
KILLER03,KILLER01,500,600000,254,246,0,1,1,0.08,620616
KILLER01,KILLER2,500,600000,3,407,90,11,60,2.18,902636
KILLER2,KILLER01,500,600000,407,9,84,59,11,2.18,911745
KILLER01,MICE,500,600000,6,448,46,6,52,1.55,1147210
MICE,KILLER01,500,600000,443,3,54,54,7,1.55,1146311
KILLER01,MICE2,500,600000,11,399,90,12,60,2.51,1280878
MICE2,KILLER01,500,600000,388,7,105,60,14,2.51,1279661
KILLER01,PRB001,500,600000,299,20,181,2,3,0.33,151464
PRB001,KILLER01,500,600000,29,311,160,4,2,0.33,997456
KILLER01,PRB002,500,600000,190,0,310,2,1,0.40,1465540
PRB002,KILLER01,500,600000,0,198,302,1,2,0.40,1166675
KILLER01,PRB003,500,600000,99,401,0,0,24,0.22,1551658
PRB003,KILLER01,500,600000,399,101,0,24,0,0.22,1475589
KILLER01,PRB004,500,600000,5,495,0,0,36,0.41,663186
PRB004,KILLER01,500,600000,489,7,4,36,1,0.41,1056946
KILLER01,PRB005,500,600000,19,472,9,3,55,0.70,812304
PRB005,KILLER01,500,600000,469,23,8,56,3,0.70,25978
KILLER01,PRB006,500,600000,10,279,211,26,58,5.06,538087
PRB006,KILLER01,500,600000,273,8,219,59,28,5.06,1162705
KILLER01,PRB007,500,600000,9,435,56,4,50,1.53,86282
PRB007,KILLER01,500,600000,428,12,60,50,5,1.53,1419520
KILLER01,PRB008,500,600000,153,347,0,1,2,0.08,1149035
PRB008,KILLER01,500,600000,343,157,0,2,1,0.08,1560048
KILLER01,PRB009,500,600000,184,303,13,1,5,0.42,248010
PRB009,KILLER01,500,600000,334,151,15,5,1,0.42,1440017
KILLER01,PRB010,500,600000,493,5,2,2,0,0.11,22692
PRB010,KILLER01,500,600000,0,500,0,0,2,0.11,666462
KILLER01,PRB011,500,600000,9,479,12,2,44,0.61,1192274
PRB011,KILLER01,500,600000,479,14,7,43,2,0.61,1336400
KILLER01,ROHAMO,500,600000,498,0,2,2,0,0.17,1546096
ROHAMO,KILLER01,500,600000,0,493,7,0,2,0.17,29640
KILLER01,TORPE,500,600000,122,377,1,0,1,0.06,38704
TORPE,KILLER01,500,600000,383,117,0,1,0,0.06,657189
KILLER01,VIKTOR01,500,600000,97,1,402,2,1,0.60,139466
VIKTOR01,KILLER01,500,600000,1,74,425,1,2,0.60,858592
KILLER01,VIKTOR02,500,600000,500,0,0,2,0,0.15,1206129
VIKTOR02,KILLER01,500,600000,0,500,0,0,2,0.15,918281
KILLER01,VIKTOR03,500,600000,488,11,1,2,0,0.15,1237441
VIKTOR03,KILLER01,500,600000,29,471,0,0,2,0.15,522826
KILLER01,VIKTOR04,500,600000,472,8,20,2,0,0.45,733869
VIKTOR04,KILLER01,500,600000,9,460,31,0,2,0.45,224493
KILLER01,VIKTOR05,500,600000,191,1,308,2,1,0.40,1431771
VIKTOR05,KILLER01,500,600000,6,205,289,1,2,0.40,1103375
KILLER01,Y,500,600000,172,327,1,1,1,0.11,17058
Y,KILLER01,500,600000,269,231,0,1,1,0.11,1207819
KILLER02,KILLER03,500,600000,278,222,0,4,0,0.10,729712
KILLER03,KILLER02,500,600000,232,268,0,0,4,0.10,1554558
KILLER02,KILLER2,500,600000,9,383,108,13,60,2.40,1046295
KILLER2,KILLER02,500,600000,395,5,100,61,12,2.40,449966
KILLER02,MICE,500,600000,3,470,27,3,58,1.18,1325012
MICE,KILLER02,500,600000,470,6,24,58,3,1.18,785424
KILLER02,MICE2,500,600000,3,438,59,7,62,1.84,623426
MICE2,KILLER02,500,600000,435,4,61,62,8,1.84,816381
KILLER02,PRB001,500,600000,72,237,191,4,7,0.89,1468374
PRB001,KILLER02,500,600000,198,56,246,8,5,0.89,162974
KILLER02,PRB002,500,600000,174,0,326,8,1,0.33,403330
PRB002,KILLER02,500,600000,0,198,302,1,8,0.33,875245
KILLER02,PRB003,500,600000,73,423,4,1,24,0.34,152897
PRB003,KILLER02,500,600000,422,76,2,23,1,0.34,765473
KILLER02,PRB004,500,600000,6,491,3,0,43,0.76,1111718
PRB004,KILLER02,500,600000,485,9,6,41,1,0.76,1436344
KILLER02,PRB005,500,600000,25,457,18,5,55,1.05,644432
PRB005,KILLER02,500,600000,450,36,14,54,5,1.05,1270891
KILLER02,PRB006,500,600000,12,248,240,31,59,7.04,1565287
PRB006,KILLER02,500,600000,191,8,301,60,38,7.04,97598
KILLER02,PRB007,500,600000,13,382,105,8,51,2.68,520273
PRB007,KILLER02,500,600000,380,13,107,52,9,2.68,304808
KILLER02,PRB008,500,600000,200,299,1,3,1,0.10,982491
PRB008,KILLER02,500,600000,291,209,0,1,3,0.10,857512
KILLER02,PRB009,500,600000,143,311,46,2,5,0.92,1054317
PRB009,KILLER02,500,600000,321,140,39,5,2,0.92,177428
KILLER02,PRB010,500,600000,499,1,0,8,0,0.13,697657
PRB010,KILLER02,500,600000,1,499,0,0,8,0.13,573883
KILLER02,PRB011,500,600000,8,472,20,2,46,1.07,488633
PRB011,KILLER02,500,600000,468,8,24,46,2,1.07,1145320
KILLER02,ROHAMO,500,600000,499,0,1,8,0,0.11,598204
ROHAMO,KILLER02,500,600000,0,500,0,0,8,0.11,1056064
KILLER02,TORPE,500,600000,141,358,1,2,1,0.05,1529439
TORPE,KILLER02,500,600000,374,126,0,1,2,0.05,204512
KILLER02,VIKTOR01,500,600000,59,24,417,8,8,0.97,457470
VIKTOR01,KILLER02,500,600000,27,63,410,7,8,0.97,1486773
KILLER02,VIKTOR02,500,600000,500,0,0,8,0,0.16,110261
VIKTOR02,KILLER02,500,600000,5,495,0,0,8,0.16,740191
KILLER02,VIKTOR03,500,600000,476,24,0,7,0,0.17,77182
VIKTOR03,KILLER02,500,600000,16,484,0,0,8,0.17,173608
KILLER02,VIKTOR04,500,600000,495,0,5,8,0,0.16,813273
VIKTOR04,KILLER02,500,600000,2,491,7,0,8,0.16,962143
KILLER02,VIKTOR05,500,600000,182,4,314,8,1,0.33,684591
VIKTOR05,KILLER02,500,600000,0,184,316,1,8,0.33,578350
KILLER02,Y,500,600000,208,291,1,3,1,0.12,481266
Y,KILLER02,500,600000,282,217,1,1,3,0.12,1526111
KILLER03,KILLER2,500,600000,4,309,187,11,58,1.84,279683
KILLER2,KILLER03,500,600000,328,1,171,58,11,1.84,1196251
KILLER03,MICE,500,600000,3,280,217,11,52,2.08,194405
MICE,KILLER03,500,600000,270,6,224,51,12,2.08,147277
KILLER03,MICE2,500,600000,3,331,166,9,57,1.69,11563
MICE2,KILLER03,500,600000,318,6,176,57,10,1.69,564676
KILLER03,PRB001,500,600000,21,55,424,1,17,0.51,1372858
PRB001,KILLER03,500,600000,50,36,414,16,1,0.51,1158194
KILLER03,PRB002,500,600000,175,80,245,1,1,0.30,149493
PRB002,KILLER03,500,600000,71,191,238,1,1,0.30,1495521
KILLER03,PRB003,500,600000,44,383,73,0,30,0.24,523896
PRB003,KILLER03,500,600000,345,57,98,29,0,0.24,30027
KILLER03,PRB004,500,600000,12,375,113,0,38,0.36,1380118
PRB004,KILLER03,500,600000,378,15,107,37,0,0.36,1215718
KILLER03,PRB005,500,600000,14,364,122,2,55,0.46,1314629
PRB005,KILLER03,500,600000,341,22,137,55,2,0.46,1011883
KILLER03,PRB006,500,600000,11,237,252,10,56,1.91,420145
PRB006,KILLER03,500,600000,254,9,237,55,10,1.91,879143
KILLER03,PRB007,500,600000,20,371,109,2,47,0.93,1322980
PRB007,KILLER03,500,600000,365,16,119,50,3,0.93,1486893
KILLER03,PRB008,500,600000,202,296,2,0,1,0.21,676841
PRB008,KILLER03,500,600000,261,239,0,1,0,0.21,1394703
KILLER03,PRB009,500,600000,182,270,48,1,2,0.60,1486825
PRB009,KILLER03,500,600000,287,165,48,2,0,0.60,596785
KILLER03,PRB010,500,600000,400,100,0,1,0,0.25,620841
PRB010,KILLER03,500,600000,91,409,0,0,1,0.25,1025994
KILLER03,PRB011,500,600000,19,347,134,7,47,1.19,1362619
PRB011,KILLER03,500,600000,355,22,123,45,6,1.19,1184045
KILLER03,ROHAMO,500,600000,499,1,0,1,0,0.09,240509
ROHAMO,KILLER03,500,600000,1,499,0,0,1,0.09,752298
KILLER03,TORPE,500,600000,115,385,0,0,1,0.05,471600
TORPE,KILLER03,500,600000,363,137,0,1,0,0.05,605323
KILLER03,VIKTOR01,500,600000,20,56,424,1,4,0.43,1552308
VIKTOR01,KILLER03,500,600000,67,21,412,4,1,0.43,269504
KILLER03,VIKTOR02,500,600000,475,2,23,1,1,0.17,1010661
VIKTOR02,KILLER03,500,600000,1,482,17,1,1,0.17,107394
KILLER03,VIKTOR03,500,600000,459,40,1,1,1,0.12,820554
VIKTOR03,KILLER03,500,600000,33,467,0,0,1,0.12,238352
KILLER03,VIKTOR04,500,600000,440,31,29,1,0,0.16,1183295
VIKTOR04,KILLER03,500,600000,32,442,26,0,1,0.16,732881
KILLER03,VIKTOR05,500,600000,173,65,262,1,1,0.28,675017
VIKTOR05,KILLER03,500,600000,63,197,240,1,1,0.28,1053491
KILLER03,Y,500,600000,298,201,1,1,0,0.32,574755
Y,KILLER03,500,600000,182,318,0,0,1,0.32,1128865
KILLER2,MICE,500,600000,48,47,405,55,55,8.42,1498997
MICE,KILLER2,500,600000,37,49,414,55,55,8.42,823902
KILLER2,MICE2,500,600000,30,35,435,57,57,8.63,424135
MICE2,KILLER2,500,600000,40,34,426,57,56,8.63,1499240
KILLER2,PRB001,500,600000,34,2,464,62,50,8.03,1038413
PRB001,KILLER2,500,600000,2,31,467,51,62,8.03,1421000
KILLER2,PRB002,500,600000,83,2,415,62,24,3.61,271958
PRB002,KILLER2,500,600000,3,77,420,26,61,3.61,221492
KILLER2,PRB003,500,600000,363,13,124,57,17,3.64,634027
PRB003,KILLER2,500,600000,17,323,160,20,57,3.64,1019784
KILLER2,PRB004,500,600000,60,23,417,58,54,8.20,594486
PRB004,KILLER2,500,600000,27,43,430,55,57,8.20,443437
KILLER2,PRB005,500,600000,85,32,383,55,48,7.88,1532843
PRB005,KILLER2,500,600000,27,77,396,51,56,7.88,912231
KILLER2,PRB006,500,600000,34,21,445,58,57,9.89,1056066
PRB006,KILLER2,500,600000,18,31,451,58,59,9.89,1328867
KILLER2,PRB007,500,600000,59,35,406,55,51,7.93,778844
PRB007,KILLER2,500,600000,32,70,398,49,55,7.93,967743
KILLER2,PRB008,500,600000,320,13,167,53,20,3.14,247695
PRB008,KILLER2,500,600000,11,322,167,21,54,3.14,41518
KILLER2,PRB009,500,600000,148,20,332,56,36,6.67,581048
PRB009,KILLER2,500,600000,24,131,345,38,55,6.67,459313
KILLER2,PRB010,500,600000,220,144,136,42,17,2.61,688457
PRB010,KILLER2,500,600000,135,246,119,15,43,2.61,548443
KILLER2,PRB011,500,600000,60,44,396,54,51,8.14,1368680
PRB011,KILLER2,500,600000,38,60,402,52,54,8.14,1314713
KILLER2,ROHAMO,500,600000,416,8,76,60,10,1.80,428035
ROHAMO,KILLER2,500,600000,4,436,60,8,60,1.80,275612
KILLER2,TORPE,500,600000,449,5,46,57,5,1.40,467319
TORPE,KILLER2,500,600000,6,461,33,3,57,1.40,437322
KILLER2,VIKTOR01,500,600000,11,4,485,62,56,8.65,714875
VIKTOR01,KILLER2,500,600000,3,10,487,58,62,8.65,1002249
KILLER2,VIKTOR02,500,600000,195,16,289,59,36,5.78,18614
VIKTOR02,KILLER2,500,600000,14,225,261,32,60,5.78,1536577
KILLER2,VIKTOR03,500,600000,301,19,180,59,22,4.11,1054014
VIKTOR03,KILLER2,500,600000,8,310,182,22,59,4.11,338948
KILLER2,VIKTOR04,500,600000,458,3,39,49,4,0.72,946865
VIKTOR04,KILLER2,500,600000,0,471,29,3,49,0.72,332313
KILLER2,VIKTOR05,500,600000,84,1,415,62,23,3.72,1557173
VIKTOR05,KILLER2,500,600000,1,80,419,24,62,3.72,1380628
KILLER2,Y,500,600000,202,232,66,30,7,2.50,376802
Y,KILLER2,500,600000,207,242,51,6,34,2.50,455165
MICE,MICE2,500,600000,33,36,431,56,57,9.27,1562349
MICE2,MICE,500,600000,46,25,429,58,55,9.27,271638
MICE,PRB001,500,600000,45,5,450,62,48,8.78,425580
PRB001,MICE,500,600000,4,33,463,51,63,8.78,808641
MICE,PRB002,500,600000,126,3,371,59,21,3.60,1507554
PRB002,MICE,500,600000,4,121,375,22,59,3.60,1166829
MICE,PRB003,500,600000,381,14,105,56,14,3.21,1240174
PRB003,MICE,500,600000,15,368,117,15,57,3.21,74526
MICE,PRB004,500,600000,54,30,416,56,54,8.83,718262
PRB004,MICE,500,600000,36,55,409,54,56,8.83,1033558
MICE,PRB005,500,600000,111,44,345,52,45,7.95,388911
PRB005,MICE,500,600000,48,100,352,47,54,7.95,1389371
MICE,PRB006,500,600000,31,19,450,58,58,10.21,490887
PRB006,MICE,500,600000,16,25,459,58,58,10.21,381816
MICE,PRB007,500,600000,100,56,344,50,43,7.73,607869
PRB007,MICE,500,600000,53,115,332,41,50,7.73,1158362
MICE,PRB008,500,600000,406,5,89,48,11,2.00,798566
PRB008,MICE,500,600000,6,400,94,12,48,2.00,39024
MICE,PRB009,500,600000,267,15,218,55,18,5.09,1367289
PRB009,MICE,500,600000,23,241,236,20,54,5.09,1554812
MICE,PRB010,500,600000,356,110,34,41,5,1.27,1120469
PRB010,MICE,500,600000,96,361,43,6,42,1.27,1208443
MICE,PRB011,500,600000,66,35,399,55,52,9.20,702372
PRB011,MICE,500,600000,39,81,380,50,55,9.20,614581
MICE,ROHAMO,500,600000,464,5,31,57,4,1.25,870
ROHAMO,MICE,500,600000,5,456,39,5,57,1.25,116124
MICE,TORPE,500,600000,479,2,19,55,2,1.00,711894
TORPE,MICE,500,600000,3,481,16,2,53,1.00,1143504
MICE,VIKTOR01,500,600000,12,2,486,62,57,8.82,992249
VIKTOR01,MICE,500,600000,7,21,472,55,62,8.82,281670
MICE,VIKTOR02,500,600000,340,7,153,61,19,4.32,278369
VIKTOR02,MICE,500,600000,16,334,150,20,60,4.32,681453
MICE,VIKTOR03,500,600000,426,4,70,61,8,2.72,188957
VIKTOR03,MICE,500,600000,3,413,84,10,60,2.72,1151103
MICE,VIKTOR04,500,600000,494,1,5,35,1,0.30,347796
VIKTOR04,MICE,500,600000,4,486,10,1,35,0.30,696476
MICE,VIKTOR05,500,600000,114,0,386,59,24,3.56,77836
VIKTOR05,MICE,500,600000,1,116,383,21,58,3.56,1565826
MICE,Y,500,600000,257,214,29,29,4,2.08,555532
Y,MICE,500,600000,186,283,31,4,31,2.08,1151282
MICE2,PRB001,500,600000,56,4,440,62,51,8.52,1269583
PRB001,MICE2,500,600000,1,54,445,50,63,8.52,451236
MICE2,PRB002,500,600000,129,0,371,62,21,3.58,17616
PRB002,MICE2,500,600000,2,130,368,20,61,3.58,946272
MICE2,PRB003,500,600000,296,15,189,60,24,4.37,1189824
PRB003,MICE2,500,600000,15,326,159,21,60,4.37,455375
MICE2,PRB004,500,600000,31,32,437,57,57,9.00,1197845
PRB004,MICE2,500,600000,33,34,433,57,56,9.00,1158007
MICE2,PRB005,500,600000,51,29,420,56,54,8.90,191044
PRB005,MICE2,500,600000,34,53,413,53,57,8.90,1099224
MICE2,PRB006,500,600000,31,25,444,57,57,10.10,599955
PRB006,MICE2,500,600000,12,32,456,58,59,10.10,1323684
MICE2,PRB007,500,600000,60,27,413,57,52,9.05,721082
PRB007,MICE2,500,600000,36,55,409,52,55,9.05,513962
MICE2,PRB008,500,600000,338,7,155,55,20,3.35,1373522
PRB008,MICE2,500,600000,4,327,169,20,56,3.35,1302635
MICE2,PRB009,500,600000,129,24,347,57,38,6.90,564333
PRB009,MICE2,500,600000,19,137,344,37,56,6.90,572753
MICE2,PRB010,500,600000,268,130,102,42,14,2.39,1337408
PRB010,MICE2,500,600000,152,254,94,12,38,2.39,114698
MICE2,PRB011,500,600000,37,31,432,57,57,9.41,1293655
PRB011,MICE2,500,600000,25,48,427,55,58,9.41,406571
MICE2,ROHAMO,500,600000,436,5,59,60,8,1.70,814861
ROHAMO,MICE2,500,600000,5,445,50,7,60,1.70,1203435
MICE2,TORPE,500,600000,464,1,35,60,4,1.30,693250
TORPE,MICE2,500,600000,4,460,36,4,60,1.30,835389
MICE2,VIKTOR01,500,600000,37,1,462,62,55,8.95,1123857
VIKTOR01,MICE2,500,600000,3,25,472,56,62,8.95,456933
MICE2,VIKTOR02,500,600000,207,13,280,60,36,6.64,689416
VIKTOR02,MICE2,500,600000,12,178,310,39,61,6.64,1300582
MICE2,VIKTOR03,500,600000,322,11,167,60,22,4.30,270279
VIKTOR03,MICE2,500,600000,11,320,169,22,61,4.30,1524960
MICE2,VIKTOR04,500,600000,480,1,19,45,2,0.51,1171438
VIKTOR04,MICE2,500,600000,3,481,16,2,44,0.51,107203
MICE2,VIKTOR05,500,600000,111,1,388,61,20,3.41,953530
VIKTOR05,MICE2,500,600000,1,118,381,18,62,3.41,998034
MICE2,Y,500,600000,321,109,70,46,8,2.43,382748
Y,MICE2,500,600000,103,327,70,8,46,2.43,1210702
PRB001,PRB002,500,600000,59,0,441,61,2,0.58,1242145
PRB002,PRB001,500,600000,0,65,435,1,62,0.58,1486397
PRB001,PRB003,500,600000,18,173,309,4,43,1.46,581018
PRB003,PRB001,500,600000,156,25,319,43,4,1.46,918934
PRB001,PRB004,500,600000,10,73,417,15,61,5.69,1551223
PRB004,PRB001,500,600000,55,9,436,61,16,5.69,1473217
PRB001,PRB005,500,600000,11,35,454,36,61,3.85,13253
PRB005,PRB001,500,600000,46,10,444,61,35,3.85,1019979
PRB001,PRB006,500,600000,6,1,493,60,63,7.11,89903
PRB006,PRB001,500,600000,1,0,499,64,59,7.11,1454709
PRB001,PRB007,500,600000,14,133,353,25,53,6.27,1311077
PRB007,PRB001,500,600000,134,20,346,53,26,6.27,223347
PRB001,PRB008,500,600000,185,72,243,41,5,5.15,424133
PRB008,PRB001,500,600000,53,189,258,3,41,5.15,1053193
PRB001,PRB009,500,600000,36,338,126,9,9,3.78,529162
PRB009,PRB001,500,600000,335,44,121,10,8,3.78,698975
PRB001,PRB010,500,600000,91,390,19,12,6,0.91,1315311
PRB010,PRB001,500,600000,381,99,20,6,13,0.91,951889
PRB001,PRB011,500,600000,6,24,470,30,62,6.12,216941
PRB011,PRB001,500,600000,22,3,475,62,30,6.12,176455
PRB001,ROHAMO,500,600000,497,1,2,63,0,1.01,1549110
ROHAMO,PRB001,500,600000,0,499,1,0,63,1.01,939060
PRB001,TORPE,500,600000,60,0,440,43,1,3.49,1401374
TORPE,PRB001,500,600000,0,61,439,1,43,3.49,1397123
PRB001,VIKTOR01,500,600000,4,0,496,59,27,4.86,1374283
VIKTOR01,PRB001,500,600000,0,5,495,26,59,4.86,390827
PRB001,VIKTOR02,500,600000,331,2,167,56,10,2.78,59239
VIKTOR02,PRB001,500,600000,2,339,159,9,57,2.78,204883
PRB001,VIKTOR03,500,600000,335,20,145,39,4,1.74,281342
VIKTOR03,PRB001,500,600000,23,337,140,5,38,1.74,865447
PRB001,VIKTOR04,500,600000,186,4,310,62,5,1.06,841690
VIKTOR04,PRB001,500,600000,0,212,288,4,62,1.06,1376796
PRB001,VIKTOR05,500,600000,38,2,460,63,2,0.61,1536586
VIKTOR05,PRB001,500,600000,0,42,458,2,61,0.61,1108594
PRB001,Y,500,600000,51,416,33,8,1,2.75,838296
Y,PRB001,500,600000,390,61,49,1,11,2.75,1348372
PRB002,PRB003,500,600000,6,346,148,1,41,0.47,1205095
PRB003,PRB002,500,600000,347,3,150,40,1,0.47,1048671
PRB002,PRB004,500,600000,1,122,377,2,58,0.69,709999
PRB004,PRB002,500,600000,124,0,376,59,1,0.69,988300
PRB002,PRB005,500,600000,0,41,459,4,63,0.65,1253502
PRB005,PRB002,500,600000,30,0,470,64,3,0.65,754136
PRB002,PRB006,500,600000,2,45,453,8,63,1.04,822286
PRB006,PRB002,500,600000,41,0,459,63,7,1.04,1043740
PRB002,PRB007,500,600000,0,225,275,3,60,0.97,94665
PRB007,PRB002,500,600000,231,2,267,60,3,0.97,1420988
PRB002,PRB008,500,600000,159,170,171,7,8,1.67,713537
PRB008,PRB002,500,600000,145,199,156,6,4,1.67,1480946
PRB002,PRB009,500,600000,3,244,253,4,31,1.90,1110718
PRB009,PRB002,500,600000,241,7,252,30,2,1.90,1054042
PRB002,PRB010,500,600000,130,76,294,2,1,0.71,821577
PRB010,PRB002,500,600000,58,151,291,1,2,0.71,836651
PRB002,PRB011,500,600000,2,112,386,17,61,1.82,468901
PRB011,PRB002,500,600000,91,0,409,61,17,1.82,492754
PRB002,ROHAMO,500,600000,262,71,167,2,1,0.60,492754
ROHAMO,PRB002,500,600000,67,240,193,1,2,0.60,110076
PRB002,TORPE,500,600000,79,88,333,4,5,1.92,75495
TORPE,PRB002,500,600000,76,90,334,2,2,1.92,328398
PRB002,VIKTOR01,500,600000,1,1,498,2,14,0.45,552600
VIKTOR01,PRB002,500,600000,0,0,500,14,2,0.45,1235732
PRB002,VIKTOR02,500,600000,7,14,479,2,20,0.51,1510492
VIKTOR02,PRB002,500,600000,13,12,475,20,2,0.51,416480
PRB002,VIKTOR03,500,600000,13,258,229,2,16,0.86,1005889
VIKTOR03,PRB002,500,600000,245,15,240,15,2,0.86,523295
PRB002,VIKTOR04,500,600000,21,6,473,2,1,0.61,1340642
VIKTOR04,PRB002,500,600000,1,21,478,1,2,0.61,356597
PRB002,VIKTOR05,500,600000,2,13,485,2,2,0.51,1300241
VIKTOR05,PRB002,500,600000,8,5,487,2,2,0.51,1239549
PRB002,Y,500,600000,88,202,210,1,1,1.42,1016291
Y,PRB002,500,600000,210,77,213,1,1,1.42,1421166
PRB003,PRB004,500,600000,26,450,24,5,40,1.79,1334249
PRB004,PRB003,500,600000,458,20,22,41,4,1.79,859712
PRB003,PRB005,500,600000,49,428,23,7,53,1.70,1353101
PRB005,PRB003,500,600000,431,39,30,54,7,1.70,505432
PRB003,PRB006,500,600000,19,124,357,46,58,8.42,833795
PRB006,PRB003,500,600000,130,18,352,58,45,8.42,50244
PRB003,PRB007,500,600000,43,303,154,15,45,4.13,1389787
PRB007,PRB003,500,600000,298,50,152,46,15,4.13,1213446
PRB003,PRB008,500,600000,414,85,1,21,1,0.23,1346203
PRB008,PRB003,500,600000,72,427,1,1,23,0.23,1550833
PRB003,PRB009,500,600000,292,166,42,18,2,1.46,1191970
PRB009,PRB003,500,600000,188,265,47,3,18,1.46,896938
PRB003,PRB010,500,600000,411,85,4,32,1,0.31,224257
PRB010,PRB003,500,600000,69,422,9,1,34,0.31,632777
PRB003,PRB011,500,600000,22,442,36,6,45,1.84,133750
PRB011,PRB003,500,600000,443,25,32,45,5,1.84,434152
PRB003,ROHAMO,500,600000,498,1,1,43,0,0.35,1336438
ROHAMO,PRB003,500,600000,3,497,0,0,41,0.35,986199
PRB003,TORPE,500,600000,473,26,1,20,0,0.26,150725
TORPE,PRB003,500,600000,37,461,2,0,18,0.26,405325
PRB003,VIKTOR01,500,600000,99,4,397,50,3,1.21,1330797
VIKTOR01,PRB003,500,600000,4,79,417,3,51,1.21,467401
PRB003,VIKTOR02,500,600000,462,32,6,41,1,0.78,87100
VIKTOR02,PRB003,500,600000,36,456,8,2,41,0.78,1495753
PRB003,VIKTOR03,500,600000,481,15,4,40,0,0.44,816690
VIKTOR03,PRB003,500,600000,13,483,4,0,40,0.44,1212730
PRB003,VIKTOR04,500,600000,482,10,8,39,0,0.30,766533
VIKTOR04,PRB003,500,600000,7,483,10,1,39,0.30,1009437
PRB003,VIKTOR05,500,600000,323,13,164,41,1,0.51,1310103
VIKTOR05,PRB003,500,600000,7,349,144,2,41,0.51,1221722
PRB003,Y,500,600000,320,179,1,20,1,1.00,789180
Y,PRB003,500,600000,157,343,0,0,23,1.00,1157118
PRB004,PRB005,500,600000,184,206,110,32,35,5.52,1278328
PRB005,PRB004,500,600000,201,152,147,38,32,5.52,995379
PRB004,PRB006,500,600000,15,15,470,59,59,10.82,371539
PRB006,PRB004,500,600000,15,11,474,60,60,10.82,66512
PRB004,PRB007,500,600000,87,79,334,43,42,8.71,1096276
PRB007,PRB004,500,600000,61,78,361,43,44,8.71,544331
PRB004,PRB008,500,600000,453,22,25,42,4,1.27,569655
PRB008,PRB004,500,600000,17,455,28,4,42,1.27,409076
PRB004,PRB009,500,600000,297,41,162,40,5,4.56,986227
PRB009,PRB004,500,600000,45,282,173,6,39,4.56,1350396
PRB004,PRB010,500,600000,450,29,21,44,2,0.65,733872
PRB010,PRB004,500,600000,28,460,12,1,45,0.65,930401
PRB004,PRB011,500,600000,96,208,196,28,41,7.75,186829
PRB011,PRB004,500,600000,178,116,206,41,31,7.75,1063746
PRB004,ROHAMO,500,600000,490,8,2,50,1,0.50,1509145
ROHAMO,PRB004,500,600000,4,495,1,0,49,0.50,418656
PRB004,TORPE,500,600000,321,24,155,21,0,2.27,464642
TORPE,PRB004,500,600000,18,336,146,0,21,2.27,1361346
PRB004,VIKTOR01,500,600000,32,0,468,63,9,2.80,1179265
VIKTOR01,PRB004,500,600000,0,36,464,9,62,2.80,158810
PRB004,VIKTOR02,500,600000,481,10,9,57,1,1.77,1208232
VIKTOR02,PRB004,500,600000,5,490,5,1,58,1.77,624530
PRB004,VIKTOR03,500,600000,482,9,9,52,1,1.21,1238989
VIKTOR03,PRB004,500,600000,4,490,6,1,54,1.21,327780
PRB004,VIKTOR04,500,600000,491,4,5,39,1,0.53,203692
VIKTOR04,PRB004,500,600000,2,492,6,1,41,0.53,335547
PRB004,VIKTOR05,500,600000,134,1,365,58,2,0.81,753326
VIKTOR05,PRB004,500,600000,1,113,386,3,58,0.81,1014409
PRB004,Y,500,600000,417,73,10,36,1,0.96,55448
Y,PRB004,500,600000,73,413,14,1,36,0.96,471946
PRB005,PRB006,500,600000,38,44,418,56,57,10.06,200598
PRB006,PRB005,500,600000,43,40,417,55,55,10.06,1450659
PRB005,PRB007,500,600000,182,96,222,42,31,6.56,754241
PRB007,PRB005,500,600000,120,162,218,33,37,6.56,946623
PRB005,PRB008,500,600000,410,62,28,49,8,1.65,250611
PRB008,PRB005,500,600000,52,412,36,9,50,1.65,1269816
PRB005,PRB009,500,600000,318,108,74,43,13,2.77,562953
PRB009,PRB005,500,600000,103,331,66,9,44,2.77,1256522
PRB005,PRB010,500,600000,338,74,88,48,8,1.54,691072
PRB010,PRB005,500,600000,66,345,89,8,49,1.54,4644
PRB005,PRB011,500,600000,173,165,162,35,35,5.94,8655
PRB011,PRB005,500,600000,178,181,141,33,34,5.94,390319
PRB005,ROHAMO,500,600000,494,3,3,60,1,0.70,661374
ROHAMO,PRB005,500,600000,12,484,4,1,58,0.70,260432
PRB005,TORPE,500,600000,375,19,106,45,1,1.90,699846
TORPE,PRB005,500,600000,17,368,115,1,44,1.90,992500
PRB005,VIKTOR01,500,600000,14,2,484,62,26,2.98,1117505
VIKTOR01,PRB005,500,600000,5,8,487,29,62,2.98,56589
PRB005,VIKTOR02,500,600000,418,35,47,55,9,2.61,1329156
VIKTOR02,PRB005,500,600000,49,408,43,9,55,2.61,665559
PRB005,VIKTOR03,500,600000,438,32,30,56,6,1.75,1409679
VIKTOR03,PRB005,500,600000,37,438,25,6,55,1.75,443181
PRB005,VIKTOR04,500,600000,483,4,13,55,1,0.40,973625
VIKTOR04,PRB005,500,600000,5,480,15,1,56,0.40,959070
PRB005,VIKTOR05,500,600000,55,2,443,63,2,0.60,587197
VIKTOR05,PRB005,500,600000,0,34,466,2,63,0.60,1197071
PRB005,Y,500,600000,398,88,14,47,3,1.35,865719
Y,PRB005,500,600000,95,388,17,3,47,1.35,852345
PRB006,PRB007,500,600000,35,49,416,53,55,10.66,1144411
PRB007,PRB006,500,600000,43,38,419,55,54,10.66,99955
PRB006,PRB008,500,600000,159,12,329,59,42,7.88,1343019
PRB008,PRB006,500,600000,9,147,344,44,58,7.88,1301584
PRB006,PRB009,500,600000,100,20,380,57,45,9.44,1210567
PRB009,PRB006,500,600000,29,82,389,45,54,9.44,720506
PRB006,PRB010,500,600000,203,139,158,42,21,3.92,731996
PRB010,PRB006,500,600000,151,168,181,22,41,3.92,1091088
PRB006,PRB011,500,600000,22,25,453,59,58,10.60,57339
PRB011,PRB006,500,600000,23,12,465,60,58,10.60,18551
PRB006,ROHAMO,500,600000,366,2,132,59,17,3.18,100286
ROHAMO,PRB006,500,600000,4,345,151,19,59,3.18,1473782
PRB006,TORPE,500,600000,425,8,67,48,5,2.17,559832
TORPE,PRB006,500,600000,11,418,71,4,48,2.17,784486
PRB006,VIKTOR01,500,600000,5,0,495,64,54,4.96,96955
VIKTOR01,PRB006,500,600000,1,3,496,53,63,4.96,1255464
PRB006,VIKTOR02,500,600000,43,5,452,62,56,10.41,1248678
VIKTOR02,PRB006,500,600000,10,60,430,55,61,10.41,1010688
PRB006,VIKTOR03,500,600000,128,9,363,60,46,8.46,369428
VIKTOR03,PRB006,500,600000,11,133,356,45,60,8.46,837382
PRB006,VIKTOR04,500,600000,371,2,127,49,16,3.17,1531017
VIKTOR04,PRB006,500,600000,4,354,142,18,50,3.17,10670
PRB006,VIKTOR05,500,600000,49,1,450,63,9,1.19,1057609
VIKTOR05,PRB006,500,600000,0,38,462,8,63,1.19,1559464
PRB006,Y,500,600000,254,19,227,59,28,5.57,1193205
Y,PRB006,500,600000,33,261,206,26,57,5.57,680171
PRB007,PRB008,500,600000,253,12,235,50,14,4.58,1562290
PRB008,PRB007,500,600000,8,257,235,12,52,4.58,727705
PRB007,PRB009,500,600000,54,37,409,46,23,7.92,880712
PRB009,PRB007,500,600000,27,80,393,23,47,7.92,834678
PRB007,PRB010,500,600000,337,39,124,50,10,2.32,1256479
PRB010,PRB007,500,600000,39,345,116,10,50,2.32,473847
PRB007,PRB011,500,600000,109,132,259,34,37,7.48,438803
PRB011,PRB007,500,600000,129,92,279,42,35,7.48,152495
PRB007,ROHAMO,500,600000,431,7,62,58,4,2.60,364491
ROHAMO,PRB007,500,600000,7,406,87,6,57,2.60,466477
PRB007,TORPE,500,600000,302,9,189,50,5,3.42,296054
TORPE,PRB007,500,600000,4,298,198,5,52,3.42,993484
PRB007,VIKTOR01,500,600000,51,2,447,57,29,5.46,1304222
VIKTOR01,PRB007,500,600000,6,55,439,28,56,5.46,1046134
PRB007,VIKTOR02,500,600000,208,24,268,49,22,6.31,1353811
VIKTOR02,PRB007,500,600000,31,201,268,23,48,6.31,1378224
PRB007,VIKTOR03,500,600000,305,22,173,53,14,4.00,458157
VIKTOR03,PRB007,500,600000,15,337,148,12,53,4.00,1033538
PRB007,VIKTOR04,500,600000,411,6,83,51,5,2.13,1453547
VIKTOR04,PRB007,500,600000,7,410,83,6,50,2.13,683517
PRB007,VIKTOR05,500,600000,212,2,286,60,5,1.23,7715
VIKTOR05,PRB007,500,600000,0,204,296,5,60,1.23,249317
PRB007,Y,500,600000,248,85,167,44,7,4.08,721678
Y,PRB007,500,600000,87,250,163,8,45,4.08,366357
PRB008,PRB009,500,600000,1,93,406,12,12,6.62,1561126
PRB009,PRB008,500,600000,83,1,416,13,12,6.62,503798
PRB008,PRB010,500,600000,359,141,0,1,1,0.35,374064
PRB010,PRB008,500,600000,110,390,0,0,2,0.35,409995
PRB008,PRB011,500,600000,11,453,36,4,48,1.37,345690
PRB011,PRB008,500,600000,449,16,35,48,4,1.37,572232
PRB008,ROHAMO,500,600000,0,7,493,3,1,6.70,318305
ROHAMO,PRB008,500,600000,3,0,497,1,3,6.70,1440942
PRB008,TORPE,500,600000,1,163,336,2,1,4.97,508230
TORPE,PRB008,500,600000,148,1,351,1,2,4.97,560321
PRB008,VIKTOR01,500,600000,220,46,234,29,12,2.53,904546
VIKTOR01,PRB008,500,600000,40,230,230,11,26,2.53,726618
PRB008,VIKTOR02,500,600000,7,274,219,13,38,4.38,628517
VIKTOR02,PRB008,500,600000,274,10,216,37,13,4.38,1097534
PRB008,VIKTOR03,500,600000,233,201,66,4,2,1.45,130299
VIKTOR03,PRB008,500,600000,197,226,77,2,5,1.45,457720
PRB008,VIKTOR04,500,600000,199,126,175,10,1,2.34,493214
VIKTOR04,PRB008,500,600000,118,210,172,1,11,2.34,109251
PRB008,VIKTOR05,500,600000,218,109,173,10,8,1.22,142916
VIKTOR05,PRB008,500,600000,101,244,155,5,7,1.22,1134215
PRB008,Y,500,600000,118,288,94,1,1,3.39,1329385
Y,PRB008,500,600000,270,136,94,1,1,3.39,1502673
PRB009,PRB010,500,600000,306,43,151,11,1,2.02,365724
PRB010,PRB009,500,600000,41,334,125,1,11,2.02,428024
PRB009,PRB011,500,600000,45,293,162,9,42,4.83,372741
PRB011,PRB009,500,600000,277,59,164,43,11,4.83,505454
PRB009,ROHAMO,500,600000,79,4,417,10,1,6.01,124380
ROHAMO,PRB009,500,600000,0,98,402,1,10,6.01,563188
PRB009,TORPE,500,600000,44,0,456,11,1,6.69,806343
TORPE,PRB009,500,600000,10,28,462,1,12,6.69,572279
PRB009,VIKTOR01,500,600000,79,15,406,28,14,7.55,1227033
VIKTOR01,PRB009,500,600000,9,89,402,13,28,7.55,846482
PRB009,VIKTOR02,500,600000,77,8,415,10,13,7.02,923122
VIKTOR02,PRB009,500,600000,11,68,421,15,10,7.02,1207614
PRB009,VIKTOR03,500,600000,228,39,233,10,3,4.03,1327626
VIKTOR03,PRB009,500,600000,45,235,220,2,9,4.03,414133
PRB009,VIKTOR04,500,600000,353,13,134,10,1,1.98,593494
VIKTOR04,PRB009,500,600000,14,340,146,1,11,1.98,1140107
PRB009,VIKTOR05,500,600000,190,2,308,31,5,1.55,791825
VIKTOR05,PRB009,500,600000,8,182,310,5,31,1.55,1333287
PRB009,Y,500,600000,179,122,199,7,1,3.74,806537
Y,PRB009,500,600000,135,164,201,1,8,3.74,378139
PRB010,PRB011,500,600000,9,446,45,5,51,1.03,311975
PRB011,PRB010,500,600000,452,8,40,53,4,1.03,588525
PRB010,ROHAMO,500,600000,499,1,0,1,0,1.08,796880
ROHAMO,PRB010,500,600000,0,500,0,0,1,1.08,521183
PRB010,TORPE,500,600000,15,14,471,14,1,4.82,360550
TORPE,PRB010,500,600000,19,18,463,1,15,4.82,1236042
PRB010,VIKTOR01,500,600000,283,1,216,11,3,1.06,923050
VIKTOR01,PRB010,500,600000,3,280,217,3,11,1.06,916195
PRB010,VIKTOR02,500,600000,499,1,0,6,0,1.09,231342
VIKTOR02,PRB010,500,600000,0,500,0,0,5,1.09,1109528
PRB010,VIKTOR03,500,600000,441,51,8,4,2,0.93,1114261
VIKTOR03,PRB010,500,600000,37,458,5,2,4,0.93,1462724
PRB010,VIKTOR04,500,600000,296,20,184,4,3,2.47,1496354
VIKTOR04,PRB010,500,600000,11,320,169,2,4,2.47,116400
PRB010,VIKTOR05,500,600000,63,13,424,2,2,1.22,1356028
VIKTOR05,PRB010,500,600000,16,67,417,2,2,1.22,872436
PRB010,Y,500,600000,153,347,0,0,1,1.70,1551625
Y,PRB010,500,600000,323,177,0,1,0,1.70,35097
PRB011,ROHAMO,500,600000,458,16,26,54,4,1.24,1482401
ROHAMO,PRB011,500,600000,14,464,22,3,54,1.24,1190330
PRB011,TORPE,500,600000,471,12,17,51,2,1.07,1259505
TORPE,PRB011,500,600000,16,468,16,2,49,1.07,54241
PRB011,VIKTOR01,500,600000,19,0,481,62,32,3.93,91309
VIKTOR01,PRB011,500,600000,0,6,494,33,63,3.93,1508866
PRB011,VIKTOR02,500,600000,381,34,85,53,11,3.47,898084
VIKTOR02,PRB011,500,600000,36,381,83,12,53,3.47,1402455
PRB011,VIKTOR03,500,600000,450,17,33,55,5,2.12,294346
VIKTOR03,PRB011,500,600000,20,441,39,6,54,2.12,855262
PRB011,VIKTOR04,500,600000,472,10,18,42,2,0.70,846648
VIKTOR04,PRB011,500,600000,5,479,16,2,44,0.70,1380590
PRB011,VIKTOR05,500,600000,80,0,420,61,18,1.75,543756
VIKTOR05,PRB011,500,600000,3,101,396,17,60,1.75,988536
PRB011,Y,500,600000,338,125,37,37,4,1.78,507068
Y,PRB011,500,600000,123,357,20,3,39,1.78,1261546
ROHAMO,TORPE,500,600000,0,0,500,1,1,5.35,1415386
TORPE,ROHAMO,500,600000,0,1,499,1,1,5.35,1186959
ROHAMO,VIKTOR01,500,600000,1,2,497,1,63,5.99,534104
VIKTOR01,ROHAMO,500,600000,1,0,499,64,1,5.99,138407
ROHAMO,VIKTOR02,500,600000,1,167,332,13,53,5.17,32984
VIKTOR02,ROHAMO,500,600000,196,3,301,54,11,5.17,151379
ROHAMO,VIKTOR03,500,600000,2,176,322,1,57,4.87,1364452
VIKTOR03,ROHAMO,500,600000,194,1,305,56,1,4.87,445794
ROHAMO,VIKTOR04,500,600000,45,319,136,1,4,1.19,1357236
VIKTOR04,ROHAMO,500,600000,330,24,146,3,1,1.19,1565804
ROHAMO,VIKTOR05,500,600000,15,150,335,3,4,1.15,1500426
VIKTOR05,ROHAMO,500,600000,117,32,351,4,4,1.15,1467227
ROHAMO,Y,500,600000,0,500,0,0,1,2.39,1027563
Y,ROHAMO,500,600000,499,0,1,1,0,2.39,1142743
TORPE,VIKTOR01,500,600000,1,36,463,1,35,2.83,1146622
VIKTOR01,TORPE,500,600000,37,2,461,32,1,2.83,1534997
TORPE,VIKTOR02,500,600000,39,233,228,1,41,4.09,13694
VIKTOR02,TORPE,500,600000,254,29,217,43,3,4.09,460142
TORPE,VIKTOR03,500,600000,202,218,80,1,4,1.77,494454
VIKTOR03,TORPE,500,600000,238,190,72,5,1,1.77,644017
TORPE,VIKTOR04,500,600000,261,155,84,1,1,0.99,190706
VIKTOR04,TORPE,500,600000,182,236,82,1,1,0.99,135462
TORPE,VIKTOR05,500,600000,89,56,355,1,1,1.64,961812
VIKTOR05,TORPE,500,600000,61,103,336,1,1,1.64,35765
TORPE,Y,500,600000,24,107,369,1,1,4.23,412364
Y,TORPE,500,600000,97,14,389,1,1,4.23,1084830
VIKTOR01,VIKTOR02,500,600000,0,2,498,57,51,5.19,423008
VIKTOR02,VIKTOR01,500,600000,2,3,495,51,56,5.19,338702
VIKTOR01,VIKTOR03,500,600000,6,19,475,20,37,4.71,398178
VIKTOR03,VIKTOR01,500,600000,30,0,470,41,19,4.71,562675
VIKTOR01,VIKTOR04,500,600000,4,2,494,18,2,0.75,763834
VIKTOR04,VIKTOR01,500,600000,1,1,498,2,18,0.75,80398
VIKTOR01,VIKTOR05,500,600000,0,1,499,15,2,0.47,45972
VIKTOR05,VIKTOR01,500,600000,0,0,500,2,14,0.47,712066
VIKTOR01,Y,500,600000,1,464,35,0,1,2.62,423516
Y,VIKTOR01,500,600000,462,1,37,1,1,2.62,1128891
VIKTOR02,VIKTOR03,500,600000,168,124,208,36,29,4.22,1086474
VIKTOR03,VIKTOR02,500,600000,120,174,206,28,38,4.22,624292
VIKTOR02,VIKTOR04,500,600000,311,23,166,32,8,2.59,223836
VIKTOR04,VIKTOR02,500,600000,21,319,160,8,33,2.59,402989
VIKTOR02,VIKTOR05,500,600000,10,9,481,21,3,0.66,590319
VIKTOR05,VIKTOR02,500,600000,7,20,473,2,21,0.66,793154
VIKTOR02,Y,500,600000,0,500,0,0,1,2.69,1438761
Y,VIKTOR02,500,600000,500,0,0,1,0,2.69,1087907
VIKTOR03,VIKTOR04,500,600000,364,22,114,22,1,1.48,172607
VIKTOR04,VIKTOR03,500,600000,22,375,103,2,21,1.48,58778
VIKTOR03,VIKTOR05,500,600000,232,29,239,14,1,0.88,41727
VIKTOR05,VIKTOR03,500,600000,13,238,249,1,13,0.88,1221654
VIKTOR03,Y,500,600000,25,474,1,1,1,2.11,590363
Y,VIKTOR03,500,600000,472,27,1,1,1,2.11,784838
VIKTOR04,VIKTOR05,500,600000,7,6,487,2,2,0.47,623532
VIKTOR05,VIKTOR04,500,600000,19,13,468,2,1,0.47,1125485
VIKTOR04,Y,500,600000,63,378,59,0,1,1.49,500728
Y,VIKTOR04,500,600000,365,54,81,1,0,1.49,1391594
VIKTOR05,Y,500,600000,66,206,228,1,1,1.18,1497270
Y,VIKTOR05,500,600000,187,97,216,1,1,1.18,1232459
